edition,previous_pdf_page,previous_printed_page,next_pdf_page,next_printed_page,missing_printed_page_span,approx_site_at_next_page,note
AJCC7,17,1,19,3,2-2,UNKNOWN,Uploaded PDF has a printed-page jump; source pages in this span were not available to the extractor.
AJCC7,51,35,53,37,36-36,Lip and Oral Cavity,Uploaded PDF has a printed-page jump; source pages in this span were not available to the extractor.
AJCC7,65,49,67,51,50-50,"Pharynx (Including base of tongue, soft palate, and uvula)",Uploaded PDF has a printed-page jump; source pages in this span were not available to the extractor.
AJCC7,83,67,85,69,68-68,Nasal Cavity and Paranasal Sinuses,Uploaded PDF has a printed-page jump; source pages in this span were not available to the extractor.
AJCC7,89,73,91,75,74-74,Nasal Cavity and Paranasal Sinuses,Uploaded PDF has a printed-page jump; source pages in this span were not available to the extractor.
AJCC7,117,101,119,103,102-102,Esophagus and Esophagogastric Junction,Uploaded PDF has a printed-page jump; source pages in this span were not available to the extractor.
AJCC7,127,111,129,113,112-112,Esophagus and Esophagogastric Junction,Uploaded PDF has a printed-page jump; source pages in this span were not available to the extractor.
AJCC7,131,115,133,117,116-116,Stomach,Uploaded PDF has a printed-page jump; source pages in this span were not available to the extractor.
AJCC7,137,121,139,123,122-122,Stomach,Uploaded PDF has a printed-page jump; source pages in this span were not available to the extractor.
AJCC7,157,141,159,143,142-142,Colon and Rectum,Uploaded PDF has a printed-page jump; source pages in this span were not available to the extractor.
AJCC7,175,159,177,161,160-160,Colon and Rectum,Uploaded PDF has a printed-page jump; source pages in this span were not available to the extractor.
AJCC7,189,173,191,175,174-174,Gastrointestinal Stromal Tumor,Uploaded PDF has a printed-page jump; source pages in this span were not available to the extractor.
AJCC7,201,185,203,187,186-186,Neuroendocrine Tumors,Uploaded PDF has a printed-page jump; source pages in this span were not available to the extractor.
AJCC7,205,189,207,191,190-190,Liver (Excluding intrahepatic bile ducts),Uploaded PDF has a printed-page jump; source pages in this span were not available to the extractor.
AJCC7,211,195,213,197,196-196,Liver (Excluding intrahepatic bile ducts),Uploaded PDF has a printed-page jump; source pages in this span were not available to the extractor.
AJCC7,215,199,217,201,200-200,Intrahepatic Bile Ducts,Uploaded PDF has a printed-page jump; source pages in this span were not available to the extractor.
AJCC7,221,205,223,207,206-206,Intrahepatic Bile Ducts,Uploaded PDF has a printed-page jump; source pages in this span were not available to the extractor.
AJCC7,225,209,227,211,210-210,Gallbladder,Uploaded PDF has a printed-page jump; source pages in this span were not available to the extractor.
AJCC7,233,217,235,219,218-218,Perihilar Bile Ducts,Uploaded PDF has a printed-page jump; source pages in this span were not available to the extractor.
AJCC7,241,225,243,227,226-226,Distal Bile Duct,Uploaded PDF has a printed-page jump; source pages in this span were not available to the extractor.
AJCC7,249,233,251,235,234-234,Ampulla of Vater,Uploaded PDF has a printed-page jump; source pages in this span were not available to the extractor.
AJCC7,265,249,267,251,250-250,Exocrine and Endocrine Pancreas,Uploaded PDF has a printed-page jump; source pages in this span were not available to the extractor.
AJCC7,267,251,269,253,252-252,Lung,Uploaded PDF has a printed-page jump; source pages in this span were not available to the extractor.
AJCC7,293,277,295,279,278-278,Pleural Mesothelioma,Uploaded PDF has a printed-page jump; source pages in this span were not available to the extractor.
AJCC7,295,279,297,281,280-280,Bone,Uploaded PDF has a printed-page jump; source pages in this span were not available to the extractor.
AJCC7,303,287,305,289,288-288,Bone,Uploaded PDF has a printed-page jump; source pages in this span were not available to the extractor.
AJCC7,315,299,317,301,300-300,Cutaneous Squamous Cell Carcinoma and Other Cutaneous Carcinomas,Uploaded PDF has a printed-page jump; source pages in this span were not available to the extractor.
AJCC7,325,309,327,311,310-310,Cutaneous Squamous Cell Carcinoma and Other Cutaneous Carcinomas,Uploaded PDF has a printed-page jump; source pages in this span were not available to the extractor.
AJCC7,335,319,337,321,320-320,Merkel Cell Carcinoma,Uploaded PDF has a printed-page jump; source pages in this span were not available to the extractor.
AJCC7,339,323,341,325,324-324,Melanoma of the Skin,Uploaded PDF has a printed-page jump; source pages in this span were not available to the extractor.
AJCC7,361,345,363,347,346-346,Breast,Uploaded PDF has a printed-page jump; source pages in this span were not available to the extractor.
AJCC7,385,369,387,371,370-370,Breast,Uploaded PDF has a printed-page jump; source pages in this span were not available to the extractor.
AJCC7,393,377,395,379,378-378,Vulva,Uploaded PDF has a printed-page jump; source pages in this span were not available to the extractor.
AJCC7,397,381,399,383,382-382,Vulva,Uploaded PDF has a printed-page jump; source pages in this span were not available to the extractor.
AJCC7,405,389,407,391,390-390,Vagina,Uploaded PDF has a printed-page jump; source pages in this span were not available to the extractor.
AJCC7,409,393,411,395,394-394,Cervix Uteri,Uploaded PDF has a printed-page jump; source pages in this span were not available to the extractor.
AJCC7,425,409,427,411,410-410,Corpus Uteri,Uploaded PDF has a printed-page jump; source pages in this span were not available to the extractor.
AJCC7,430,414,433,417,415-416,Corpus Uteri,Uploaded PDF has a printed-page jump; source pages in this span were not available to the extractor.
AJCC7,439,423,441,425,424-424,Ovary and Primary Peritoneal Carcinoma,Uploaded PDF has a printed-page jump; source pages in this span were not available to the extractor.
AJCC7,447,431,449,433,432-432,Fallopian Tube,Uploaded PDF has a printed-page jump; source pages in this span were not available to the extractor.
AJCC7,455,439,457,441,440-440,Gestational Trophoblastic Tumors,Uploaded PDF has a printed-page jump; source pages in this span were not available to the extractor.
AJCC7,461,445,463,447,446-446,Penis,Uploaded PDF has a printed-page jump; source pages in this span were not available to the extractor.
AJCC7,467,451,469,453,452-452,Penis,Uploaded PDF has a printed-page jump; source pages in this span were not available to the extractor.
AJCC7,471,455,473,457,456-456,Prostate,Uploaded PDF has a printed-page jump; source pages in this span were not available to the extractor.
AJCC7,489,473,491,475,474-474,Testis,Uploaded PDF has a printed-page jump; source pages in this span were not available to the extractor.
AJCC7,505,489,507,491,490-490,Renal Pelvis and Ureter,Uploaded PDF has a printed-page jump; source pages in this span were not available to the extractor.
AJCC7,521,505,523,507,506-506,Urethra,Uploaded PDF has a printed-page jump; source pages in this span were not available to the extractor.
AJCC7,529,513,531,515,514-514,Adrenal,Uploaded PDF has a printed-page jump; source pages in this span were not available to the extractor.
AJCC7,533,517,535,519,518-518,Adrenal,Uploaded PDF has a printed-page jump; source pages in this span were not available to the extractor.
AJCC7,537,521,539,523,522-522,Carcinoma of the Eyelid,Uploaded PDF has a printed-page jump; source pages in this span were not available to the extractor.
AJCC7,549,533,551,535,534-534,Carcinoma of the Conjunctiva,Uploaded PDF has a printed-page jump; source pages in this span were not available to the extractor.
AJCC7,553,537,555,539,538-538,Malignant Melanoma of the Conjunctiva,Uploaded PDF has a printed-page jump; source pages in this span were not available to the extractor.
AJCC7,557,541,559,543,542-542,Malignant Melanoma of the Conjunctiva,Uploaded PDF has a printed-page jump; source pages in this span were not available to the extractor.
AJCC7,569,553,571,555,554-554,Malignant Melanoma of the Uvea,Uploaded PDF has a printed-page jump; source pages in this span were not available to the extractor.
AJCC7,575,559,577,561,560-560,Retinoblastoma,Uploaded PDF has a printed-page jump; source pages in this span were not available to the extractor.
AJCC7,587,571,589,573,572-572,Carcinoma of the Lacrimal Gland,Uploaded PDF has a printed-page jump; source pages in this span were not available to the extractor.
AJCC7,591,575,593,577,576-576,Sarcoma of the Orbit,Uploaded PDF has a printed-page jump; source pages in this span were not available to the extractor.
AJCC7,597,581,599,583,582-582,Ocular Adnexal Lymphoma,Uploaded PDF has a printed-page jump; source pages in this span were not available to the extractor.
AJCC7,605,589,607,591,590-590,Ocular Adnexal Lymphoma,Uploaded PDF has a printed-page jump; source pages in this span were not available to the extractor.
AJCC7,607,591,609,593,592-592,Brain and Spinal Cord,Uploaded PDF has a printed-page jump; source pages in this span were not available to the extractor.
AJCC7,611,56,612,596,57-595,Brain and Spinal Cord,Uploaded PDF has a printed-page jump; source pages in this span were not available to the extractor.
AJCC7,613,597,615,599,598-598,Brain and Spinal Cord,Uploaded PDF has a printed-page jump; source pages in this span were not available to the extractor.
AJCC7,619,603,621,605,604-604,Lymphoid Neoplasms,Uploaded PDF has a printed-page jump; source pages in this span were not available to the extractor.
AJCC7,621,605,623,607,606-606,Lymphoid Neoplasms,Uploaded PDF has a printed-page jump; source pages in this span were not available to the extractor.
AJCC7,627,611,629,613,612-612,Lymphoid Neoplasms,Uploaded PDF has a printed-page jump; source pages in this span were not available to the extractor.
AJCC7,631,615,633,617,616-616,Lymphoid Neoplasms,Uploaded PDF has a printed-page jump; source pages in this span were not available to the extractor.
AJCC7,639,623,641,625,624-624,Lymphoid Neoplasms,Uploaded PDF has a printed-page jump; source pages in this span were not available to the extractor.
AJCC7,645,629,647,631,630-630,UNKNOWN,Uploaded PDF has a printed-page jump; source pages in this span were not available to the extractor.
AJCC7,647,631,649,633,632-632,UNKNOWN,Uploaded PDF has a printed-page jump; source pages in this span were not available to the extractor.
AJCC7,657,641,659,643,642-642,UNKNOWN,Uploaded PDF has a printed-page jump; source pages in this span were not available to the extractor.
AJCC8,3,4,4,19,5-18,UNKNOWN,Uploaded PDF has a printed-page jump; source pages in this span were not available to the extractor.
AJCC8,4,19,5,24,20-23,UNKNOWN,Uploaded PDF has a printed-page jump; source pages in this span were not available to the extractor.
AJCC8,5,24,6,28,25-27,UNKNOWN,Uploaded PDF has a printed-page jump; source pages in this span were not available to the extractor.
AJCC8,7,29,8,32,30-31,UNKNOWN,Uploaded PDF has a printed-page jump; source pages in this span were not available to the extractor.
AJCC8,8,32,9,34,33-33,UNKNOWN,Uploaded PDF has a printed-page jump; source pages in this span were not available to the extractor.
AJCC8,9,34,11,57,35-56,Staging Head and Neck Cancers,Uploaded PDF has a printed-page jump; source pages in this span were not available to the extractor.
AJCC8,12,58,13,61,59-60,Staging Head and Neck Cancers,Uploaded PDF has a printed-page jump; source pages in this span were not available to the extractor.
AJCC8,13,61,14,63,62-62,Staging Head and Neck Cancers,Uploaded PDF has a printed-page jump; source pages in this span were not available to the extractor.
AJCC8,14,63,15,69,64-68,Cervical Lymph Nodes and Unknown Primary Tumors of the Head and Neck,Uploaded PDF has a printed-page jump; source pages in this span were not available to the extractor.
AJCC8,15,69,16,75,70-74,Cervical Lymph Nodes and Unknown Primary Tumors of the Head and Neck,Uploaded PDF has a printed-page jump; source pages in this span were not available to the extractor.
AJCC8,17,76,18,79,77-78,Oral Cavity,Uploaded PDF has a printed-page jump; source pages in this span were not available to the extractor.
AJCC8,32,93,33,96,94-95,Major Salivary Glands,Uploaded PDF has a printed-page jump; source pages in this span were not available to the extractor.
AJCC8,33,96,34,98,97-97,Major Salivary Glands,Uploaded PDF has a printed-page jump; source pages in this span were not available to the extractor.
AJCC8,34,98,35,100,99-99,Major Salivary Glands,Uploaded PDF has a printed-page jump; source pages in this span were not available to the extractor.
AJCC8,35,100,36,104,101-103,Nasopharynx,Uploaded PDF has a printed-page jump; source pages in this span were not available to the extractor.
AJCC8,36,104,37,107,105-106,Nasopharynx,Uploaded PDF has a printed-page jump; source pages in this span were not available to the extractor.
AJCC8,37,107,38,113,108-112,HPV-Mediated (p16+) Oropharyngeal Cancer,Uploaded PDF has a printed-page jump; source pages in this span were not available to the extractor.
AJCC8,38,113,39,120,114-119,HPV-Mediated (p16+) Oropharyngeal Cancer,Uploaded PDF has a printed-page jump; source pages in this span were not available to the extractor.
AJCC8,39,120,40,123,121-122,Oropharynx (p16-) and Hypopharynx,Uploaded PDF has a printed-page jump; source pages in this span were not available to the extractor.
AJCC8,41,124,42,127,125-126,Oropharynx (p16-) and Hypopharynx,Uploaded PDF has a printed-page jump; source pages in this span were not available to the extractor.
AJCC8,42,127,43,129,128-128,Oropharynx (p16-) and Hypopharynx,Uploaded PDF has a printed-page jump; source pages in this span were not available to the extractor.
AJCC8,43,129,44,134,130-133,Oropharynx (p16-) and Hypopharynx,Uploaded PDF has a printed-page jump; source pages in this span were not available to the extractor.
AJCC8,45,135,46,138,136-137,Nasal Cavity and Paranasal Sinuses,Uploaded PDF has a printed-page jump; source pages in this span were not available to the extractor.
AJCC8,47,12,48,150,13-149,Larynx,Uploaded PDF has a printed-page jump; source pages in this span were not available to the extractor.
AJCC8,48,150,49,156,151-155,Larynx,Uploaded PDF has a printed-page jump; source pages in this span were not available to the extractor.
AJCC8,49,156,50,163,157-162,Mucosal Melanoma of the Head and Neck,Uploaded PDF has a printed-page jump; source pages in this span were not available to the extractor.
AJCC8,51,164,52,171,165-170,Cutaneous Carcinoma of the Head and Neck,Uploaded PDF has a printed-page jump; source pages in this span were not available to the extractor.
AJCC8,55,174,56,178,175-177,Cutaneous Carcinoma of the Head and Neck,Uploaded PDF has a printed-page jump; source pages in this span were not available to the extractor.
AJCC8,57,179,58,185,180-184,Esophagus and Esophagogastric Junction,Uploaded PDF has a printed-page jump; source pages in this span were not available to the extractor.
AJCC8,60,16,61,204,17-203,Stomach,Uploaded PDF has a printed-page jump; source pages in this span were not available to the extractor.
AJCC8,61,204,62,222,205-221,Small Intestine,Uploaded PDF has a printed-page jump; source pages in this span were not available to the extractor.
AJCC8,62,222,63,238,223-237,Appendix - Carcinoma,Uploaded PDF has a printed-page jump; source pages in this span were not available to the extractor.
AJCC8,64,239,65,243,240-242,Appendix - Carcinoma,Uploaded PDF has a printed-page jump; source pages in this span were not available to the extractor.
AJCC8,65,243,66,252,244-251,Colon and Rectum,Uploaded PDF has a printed-page jump; source pages in this span were not available to the extractor.
AJCC8,66,252,67,276,253-275,Anus,Uploaded PDF has a printed-page jump; source pages in this span were not available to the extractor.
AJCC8,67,276,68,287,277-286,Liver,Uploaded PDF has a printed-page jump; source pages in this span were not available to the extractor.
AJCC8,69,288,70,295,289-294,Intrahepatic Bile Ducts,Uploaded PDF has a printed-page jump; source pages in this span were not available to the extractor.
AJCC8,71,296,72,303,297-302,Gallbladder,Uploaded PDF has a printed-page jump; source pages in this span were not available to the extractor.
AJCC8,73,304,74,312,305-311,Perihilar Bile Ducts,Uploaded PDF has a printed-page jump; source pages in this span were not available to the extractor.
AJCC8,74,312,75,318,313-317,Distal Bile Ducts,Uploaded PDF has a printed-page jump; source pages in this span were not available to the extractor.
AJCC8,75,318,76,328,319-327,Ampulla of Vater,Uploaded PDF has a printed-page jump; source pages in this span were not available to the extractor.
AJCC8,76,328,77,333,329-332,Ampulla of Vater,Uploaded PDF has a printed-page jump; source pages in this span were not available to the extractor.
AJCC8,77,333,78,338,334-337,Exocrine Pancreas,Uploaded PDF has a printed-page jump; source pages in this span were not available to the extractor.
AJCC8,78,338,79,351,339-350,Neuroendocrine Tumors of the Stomach,Uploaded PDF has a printed-page jump; source pages in this span were not available to the extractor.
AJCC8,80,352,81,355,353-354,Neuroendocrine Tumors of the Stomach,Uploaded PDF has a printed-page jump; source pages in this span were not available to the extractor.
AJCC8,81,355,82,362,356-361,Neuroendocrine Tumors of the Duodenum and Ampulla of Vater,Uploaded PDF has a printed-page jump; source pages in this span were not available to the extractor.
AJCC8,82,362,83,376,363-375,Neuroendocrine Tumors of the Jejunum and Ileum,Uploaded PDF has a printed-page jump; source pages in this span were not available to the extractor.
AJCC8,83,376,84,380,377-379,Neuroendocrine Tumors of the Jejunum and Ileum,Uploaded PDF has a printed-page jump; source pages in this span were not available to the extractor.
AJCC8,84,380,85,389,381-388,Neuroendocrine Tumors of the Appendix,Uploaded PDF has a printed-page jump; source pages in this span were not available to the extractor.
AJCC8,86,390,87,392,391-391,Neuroendocrine Tumors of the Appendix,Uploaded PDF has a printed-page jump; source pages in this span were not available to the extractor.
AJCC8,88,393,89,395,394-394,Neuroendocrine Tumors of the Colon and Rectum,Uploaded PDF has a printed-page jump; source pages in this span were not available to the extractor.
AJCC8,90,396,91,399,397-398,Neuroendocrine Tumors of the Colon and Rectum,Uploaded PDF has a printed-page jump; source pages in this span were not available to the extractor.
AJCC8,91,399,92,408,400-407,Neuroendocrine Tumors of the Pancreas,Uploaded PDF has a printed-page jump; source pages in this span were not available to the extractor.
AJCC8,92,408,93,415,409-414,Neuroendocrine Tumors of the Pancreas,Uploaded PDF has a printed-page jump; source pages in this span were not available to the extractor.
AJCC8,93,415,94,423,416-422,Thymus,Uploaded PDF has a printed-page jump; source pages in this span were not available to the extractor.
AJCC8,95,424,96,432,425-431,Lung,Uploaded PDF has a printed-page jump; source pages in this span were not available to the extractor.
AJCC8,96,432,97,458,433-457,Malignant Pleural Mesothelioma,Uploaded PDF has a printed-page jump; source pages in this span were not available to the extractor.
AJCC8,97,458,98,465,459-464,Malignant Pleural Mesothelioma,Uploaded PDF has a printed-page jump; source pages in this span were not available to the extractor.
AJCC8,98,465,99,472,466-471,Bone,Uploaded PDF has a printed-page jump; source pages in this span were not available to the extractor.
AJCC8,99,472,100,491,473-490,Introduction to Soft Tissue Sarcoma,Uploaded PDF has a printed-page jump; source pages in this span were not available to the extractor.
AJCC8,100,491,101,499,492-498,Soft Tissue Sarcoma of the Head and Neck,Uploaded PDF has a printed-page jump; source pages in this span were not available to the extractor.
AJCC8,101,499,102,501,500-500,Soft Tissue Sarcoma of the Head and Neck,Uploaded PDF has a printed-page jump; source pages in this span were not available to the extractor.
AJCC8,102,501,103,507,502-506,Soft Tissue Sarcoma of the Trunk and Extremities,Uploaded PDF has a printed-page jump; source pages in this span were not available to the extractor.
AJCC8,104,508,105,517,509-516,Soft Tissue Sarcoma of the Abdomen and Thoracic Visceral Organs,Uploaded PDF has a printed-page jump; source pages in this span were not available to the extractor.
AJCC8,106,518,107,523,519-522,Gastrointestinal Stromal Tumor,Uploaded PDF has a printed-page jump; source pages in this span were not available to the extractor.
AJCC8,108,524,109,527,525-526,Gastrointestinal Stromal Tumor,Uploaded PDF has a printed-page jump; source pages in this span were not available to the extractor.
AJCC8,109,527,110,531,528-530,Soft Tissue Sarcoma of the Retroperitoneum,Uploaded PDF has a printed-page jump; source pages in this span were not available to the extractor.
AJCC8,111,532,112,539,533-538,Soft Tissue Sarcoma - Unusual Histologies and Sites,Uploaded PDF has a printed-page jump; source pages in this span were not available to the extractor.
AJCC8,114,541,115,550,542-549,Merkel Cell Carcinoma,Uploaded PDF has a printed-page jump; source pages in this span were not available to the extractor.
AJCC8,115,550,116,563,551-562,Melanoma of the Skin,Uploaded PDF has a printed-page jump; source pages in this span were not available to the extractor.
AJCC8,118,565,119,589,566-588,Breast,Uploaded PDF has a printed-page jump; source pages in this span were not available to the extractor.
AJCC8,166,636,167,641,637-640,Vulva,Uploaded PDF has a printed-page jump; source pages in this span were not available to the extractor.
AJCC8,169,643,170,645,644-644,Vulva,Uploaded PDF has a printed-page jump; source pages in this span were not available to the extractor.
AJCC8,170,645,171,649,646-648,Vagina,Uploaded PDF has a printed-page jump; source pages in this span were not available to the extractor.
AJCC8,172,650,173,652,651-651,Vagina,Uploaded PDF has a printed-page jump; source pages in this span were not available to the extractor.
AJCC8,173,652,174,657,653-656,Cervix Uteri,Uploaded PDF has a printed-page jump; source pages in this span were not available to the extractor.
AJCC8,175,658,176,669,659-668,Corpus Uteri - Carcinoma and Carcinosarcoma,Uploaded PDF has a printed-page jump; source pages in this span were not available to the extractor.
AJCC8,177,670,178,679,671-678,Corpus Uteri - Sarcoma,Uploaded PDF has a printed-page jump; source pages in this span were not available to the extractor.
AJCC8,179,680,180,683,681-682,Corpus Uteri - Sarcoma,Uploaded PDF has a printed-page jump; source pages in this span were not available to the extractor.
AJCC8,181,684,182,689,685-688,"Ovary, Fallopian Tube, and Primary Peritoneal Carcinoma",Uploaded PDF has a printed-page jump; source pages in this span were not available to the extractor.
AJCC8,183,690,184,696,691-695,"Ovary, Fallopian Tube, and Primary Peritoneal Carcinoma",Uploaded PDF has a printed-page jump; source pages in this span were not available to the extractor.
AJCC8,184,696,185,699,697-698,Gestational Trophoblastic Neoplasms,Uploaded PDF has a printed-page jump; source pages in this span were not available to the extractor.
AJCC8,185,699,186,710,700-709,Penis,Uploaded PDF has a printed-page jump; source pages in this span were not available to the extractor.
AJCC8,186,710,187,715,711-714,Penis,Uploaded PDF has a printed-page jump; source pages in this span were not available to the extractor.
AJCC8,187,715,188,723,716-722,Prostate,Uploaded PDF has a printed-page jump; source pages in this span were not available to the extractor.
AJCC8,189,724,190,732,725-731,Prostate,Uploaded PDF has a printed-page jump; source pages in this span were not available to the extractor.
AJCC8,190,732,191,735,733-734,Testis,Uploaded PDF has a printed-page jump; source pages in this span were not available to the extractor.
AJCC8,192,736,193,740,737-739,Testis,Uploaded PDF has a printed-page jump; source pages in this span were not available to the extractor.
AJCC8,193,740,194,747,741-746,Kidney,Uploaded PDF has a printed-page jump; source pages in this span were not available to the extractor.
AJCC8,195,748,196,752,749-751,Kidney,Uploaded PDF has a printed-page jump; source pages in this span were not available to the extractor.
AJCC8,196,752,197,757,753-756,Renal Pelvis and Ureter,Uploaded PDF has a printed-page jump; source pages in this span were not available to the extractor.
AJCC8,198,758,199,762,759-761,Renal Pelvis and Ureter,Uploaded PDF has a printed-page jump; source pages in this span were not available to the extractor.
AJCC8,199,762,200,766,763-765,Urinary Bladder,Uploaded PDF has a printed-page jump; source pages in this span were not available to the extractor.
AJCC8,200,766,201,771,767-770,Urinary Bladder,Uploaded PDF has a printed-page jump; source pages in this span were not available to the extractor.
AJCC8,202,772,203,775,773-774,Urethra,Uploaded PDF has a printed-page jump; source pages in this span were not available to the extractor.
AJCC8,204,776,205,780,777-779,Urethra,Uploaded PDF has a printed-page jump; source pages in this span were not available to the extractor.
AJCC8,205,780,206,788,781-787,Eyelid Carcinoma,Uploaded PDF has a printed-page jump; source pages in this span were not available to the extractor.
AJCC8,206,788,207,791,789-790,Eyelid Carcinoma,Uploaded PDF has a printed-page jump; source pages in this span were not available to the extractor.
AJCC8,208,792,209,795,793-794,Conjunctival Carcinoma,Uploaded PDF has a printed-page jump; source pages in this span were not available to the extractor.
AJCC8,210,796,211,803,797-802,Conjunctival Melanoma,Uploaded PDF has a printed-page jump; source pages in this span were not available to the extractor.
AJCC8,212,804,213,807,805-806,Conjunctival Melanoma,Uploaded PDF has a printed-page jump; source pages in this span were not available to the extractor.
AJCC8,213,807,214,814,808-813,Uveal Melanoma,Uploaded PDF has a printed-page jump; source pages in this span were not available to the extractor.
AJCC8,214,814,215,820,815-819,Uveal Melanoma,Uploaded PDF has a printed-page jump; source pages in this span were not available to the extractor.
AJCC8,216,821,217,827,822-826,Retinoblastoma,Uploaded PDF has a printed-page jump; source pages in this span were not available to the extractor.
AJCC8,218,828,219,833,829-832,Retinoblastoma,Uploaded PDF has a printed-page jump; source pages in this span were not available to the extractor.
AJCC8,220,834,221,841,835-840,Lacrimal Gland Carcinoma,Uploaded PDF has a printed-page jump; source pages in this span were not available to the extractor.
AJCC8,222,842,223,849,843-848,Orbital Sarcoma,Uploaded PDF has a printed-page jump; source pages in this span were not available to the extractor.
AJCC8,224,850,225,857,851-856,Ocular Adnexal Lymphoma,Uploaded PDF has a printed-page jump; source pages in this span were not available to the extractor.
AJCC8,226,858,227,860,859-859,Ocular Adnexal Lymphoma,Uploaded PDF has a printed-page jump; source pages in this span were not available to the extractor.
AJCC8,227,860,228,865,861-864,Brain and Spinal Cord,Uploaded PDF has a printed-page jump; source pages in this span were not available to the extractor.
AJCC8,230,867,231,882,868-881,Thyroid - Differentiated and Anaplastic Carcinoma,Uploaded PDF has a printed-page jump; source pages in this span were not available to the extractor.
AJCC8,231,882,232,886,883-885,Thyroid - Differentiated and Anaplastic Carcinoma,Uploaded PDF has a printed-page jump; source pages in this span were not available to the extractor.
AJCC8,233,887,234,891,888-890,Thyroid - Differentiated and Anaplastic Carcinoma,Uploaded PDF has a printed-page jump; source pages in this span were not available to the extractor.
AJCC8,235,892,236,899,893-898,Thyroid - Medullary,Uploaded PDF has a printed-page jump; source pages in this span were not available to the extractor.
AJCC8,237,900,238,904,901-903,Thyroid - Medullary,Uploaded PDF has a printed-page jump; source pages in this span were not available to the extractor.
AJCC8,239,905,240,911,906-910,Parathyroid,Uploaded PDF has a printed-page jump; source pages in this span were not available to the extractor.
AJCC8,240,911,241,919,912-918,Adrenal Cortical Carcinoma,Uploaded PDF has a printed-page jump; source pages in this span were not available to the extractor.
AJCC8,242,920,243,927,921-926,Adrenal - Neuroendocrine Tumors,Uploaded PDF has a printed-page jump; source pages in this span were not available to the extractor.
AJCC8,243,927,244,946,928-945,Hodgkin and Non-Hodgkin Lymphomas,Uploaded PDF has a printed-page jump; source pages in this span were not available to the extractor.
AJCC8,245,947,246,962,948-961,Hodgkin and Non-Hodgkin Lymphomas,Uploaded PDF has a printed-page jump; source pages in this span were not available to the extractor.
AJCC8,246,962,247,968,963-967,Pediatric Hodgkin and Non-Hodgkin Lymphomas,Uploaded PDF has a printed-page jump; source pages in this span were not available to the extractor.
AJCC8,247,968,248,972,969-971,Pediatric Hodgkin and Non-Hodgkin Lymphomas,Uploaded PDF has a printed-page jump; source pages in this span were not available to the extractor.
AJCC8,248,972,249,975,973-974,Primary Cutaneous Lymphomas,Uploaded PDF has a printed-page jump; source pages in this span were not available to the extractor.
AJCC8,253,979,254,981,980-980,Plasma Cell Myeloma and Plasma Cell Disorders,Uploaded PDF has a printed-page jump; source pages in this span were not available to the extractor.
AJCC8,255,982,256,987,983-986,Leukemia,Uploaded PDF has a printed-page jump; source pages in this span were not available to the extractor.
AJCC8,257,988,258,996,989-995,Leukemia,Uploaded PDF has a printed-page jump; source pages in this span were not available to the extractor.
