site,edition,classification,t,n,m,grade,location,stage,note,source_pdf_page,source_site,raw_line,extract_method,needs_review
Cervical Lymph Nodes and Unknown Primary Tumors of the Head and Neck,AJCC8,any,T0,N1,M0,Any,Any,III,source_page=16; extract_method=tnm_stage,16,Cervical Lymph Nodes and Unknown Primary Tumors of the Head and Neck,T0 N1 M0 III,tnm_stage,check
Cervical Lymph Nodes and Unknown Primary Tumors of the Head and Neck,AJCC8,any,T0,N2,M0,Any,Any,III,source_page=16; extract_method=stage_carried; extra_factors/raw_extra=IVA,16,Cervical Lymph Nodes and Unknown Primary Tumors of the Head and Neck,T0 N2 M0 IVA,stage_carried,YES
Cervical Lymph Nodes and Unknown Primary Tumors of the Head and Neck,AJCC8,any,T0,N2,M0,Any,Any,IVA,source_page=16; extract_method=tnm_stage,16,Cervical Lymph Nodes and Unknown Primary Tumors of the Head and Neck,T0 N2 M0 IVA,tnm_stage,check
Cervical Lymph Nodes and Unknown Primary Tumors of the Head and Neck,AJCC8,any,T0,N3,M0,Any,Any,IVA,source_page=16; extract_method=stage_carried; extra_factors/raw_extra=IVB,16,Cervical Lymph Nodes and Unknown Primary Tumors of the Head and Neck,T0 N3 M0 IVB,stage_carried,YES
Cervical Lymph Nodes and Unknown Primary Tumors of the Head and Neck,AJCC8,any,T0,N3,M0,Any,Any,IVB,source_page=16; extract_method=tnm_stage,16,Cervical Lymph Nodes and Unknown Primary Tumors of the Head and Neck,T0 N3 M0 IVB,tnm_stage,check
Oral Cavity,AJCC8,any,Tis,N0,M0,Any,Any,0,source_page=31; extract_method=tnm_stage,31,Oral Cavity,Tis N0 M0 0,tnm_stage,check
Oral Cavity,AJCC8,any,T1,N0,M0,Any,Any,0,source_page=31; extract_method=stage_carried; extra_factors/raw_extra=I | G | G Definition,31,Oral Cavity,T1 N0 M0 I G G Definition,stage_carried,YES
Oral Cavity,AJCC8,any,T1,N0,M0,Any,Any,I,source_page=31; extract_method=tnm_stage; extra_factors/raw_extra=G | G Definition,31,Oral Cavity,T1 N0 M0 I G G Definition,tnm_stage,YES
Oral Cavity,AJCC8,any,T2,N0,M0,Any,Any,I,source_page=31; extract_method=stage_carried; extra_factors/raw_extra=II | GX | Cannot be assessed,31,Oral Cavity,T2 N0 M0 II GX Cannot be assessed,stage_carried,YES
Oral Cavity,AJCC8,any,T2,N0,M0,Any,Any,II,source_page=31; extract_method=tnm_stage; extra_factors/raw_extra=GX | Cannot be assessed,31,Oral Cavity,T2 N0 M0 II GX Cannot be assessed,tnm_stage,YES
Oral Cavity,AJCC8,any,T3,N0,M0,Any,Any,II,source_page=31; extract_method=stage_carried; extra_factors/raw_extra=III | G1 | Well differentiated,31,Oral Cavity,T3 N0 M0 III G1 Well differentiated,stage_carried,YES
Oral Cavity,AJCC8,any,T3,N0,M0,Any,Any,III,source_page=31; extract_method=tnm_stage; extra_factors/raw_extra=G1 | Well differentiated,31,Oral Cavity,T3 N0 M0 III G1 Well differentiated,tnm_stage,YES
Oral Cavity,AJCC8,any,T1|2|3,N1,M0,Any,Any,III,source_page=31; extract_method=stage_carried; extra_factors/raw_extra=III | G2 | Moderately differentiated; duplicate_source_page=31,31,Oral Cavity,"T1,2,3 N1 M0 III G2 Moderately differentiated",stage_carried,YES
Oral Cavity,AJCC8,any,T4a,N0|1,M0,Any,Any,III,source_page=31; extract_method=stage_carried; extra_factors/raw_extra=IVA | G3 | Poorly differentiated,31,Oral Cavity,"T4a N0,1 M0 IVA G3 Poorly differentiated",stage_carried,YES
Oral Cavity,AJCC8,any,T4a,N0|1,M0,Any,Any,IVA,source_page=31; extract_method=tnm_stage; extra_factors/raw_extra=G3 | Poorly differentiated,31,Oral Cavity,"T4a N0,1 M0 IVA G3 Poorly differentiated",tnm_stage,YES
Oral Cavity,AJCC8,any,T1|2|3|4a,N2,M0,Any,Any,IVA,source_page=31; extract_method=stage_carried; extra_factors/raw_extra=IVA; duplicate_source_page=31,31,Oral Cavity,"T1,2,3,4a N2 M0 IVA",stage_carried,YES
Oral Cavity,AJCC8,any,Any,N3,M0,Any,Any,IVA,source_page=31; extract_method=stage_carried; extra_factors/raw_extra=IVB,31,Oral Cavity,Any T N3 M0 IVB,stage_carried,YES
Oral Cavity,AJCC8,any,Any,N3,M0,Any,Any,IVB,source_page=31; extract_method=tnm_stage,31,Oral Cavity,Any T N3 M0 IVB,tnm_stage,check
Oral Cavity,AJCC8,any,T4b,Any,M0,Any,Any,IVB,source_page=31; extract_method=stage_carried; extra_factors/raw_extra=IVB; duplicate_source_page=31,31,Oral Cavity,T4b Any N M0 IVB,stage_carried,YES
Oral Cavity,AJCC8,yp,Any,Any,M1,Any,Any,IVB,source_page=31; extract_method=stage_carried; extra_factors/raw_extra=IVC,31,Oral Cavity,Any T Any N M1 IVC,stage_carried,YES
Oral Cavity,AJCC8,yp,Any,Any,M1,Any,Any,IVC,source_page=31; extract_method=tnm_stage,31,Oral Cavity,Any T Any N M1 IVC,tnm_stage,check
Major Salivary Glands,AJCC8,any,T1,N0,M0,Any,Any,I,source_page=35; extract_method=tnm_stage,35,Major Salivary Glands,T1 N0 M0 I,tnm_stage,check
Major Salivary Glands,AJCC8,any,T2,N0,M0,Any,Any,I,source_page=35; extract_method=stage_carried; extra_factors/raw_extra=II,35,Major Salivary Glands,T2 N0 M0 II,stage_carried,YES
Major Salivary Glands,AJCC8,any,T2,N0,M0,Any,Any,II,source_page=35; extract_method=tnm_stage,35,Major Salivary Glands,T2 N0 M0 II,tnm_stage,check
Major Salivary Glands,AJCC8,any,T0|T1|T2|T3,N1,M0,Any,Any,II,source_page=35; extract_method=stage_carried; extra_factors/raw_extra=III,35,Major Salivary Glands,"T0, T1, T2, T3 N1 M0 III",stage_carried,YES
Major Salivary Glands,AJCC8,any,T0|T1|T2|T3,N1,M0,Any,Any,III,source_page=35; extract_method=tnm_stage,35,Major Salivary Glands,"T0, T1, T2, T3 N1 M0 III",tnm_stage,check
Major Salivary Glands,AJCC8,any,T4a,N0|N1,M0,Any,Any,III,source_page=35; extract_method=stage_carried; extra_factors/raw_extra=IVA,35,Major Salivary Glands,"T4a N0, N1 M0 IVA",stage_carried,YES
Major Salivary Glands,AJCC8,any,T4a,N0|N1,M0,Any,Any,IVA,source_page=35; extract_method=tnm_stage,35,Major Salivary Glands,"T4a N0, N1 M0 IVA",tnm_stage,check
Major Salivary Glands,AJCC8,any,T0|T1|T2|T3|,N2,M0,Any,Any,IVA,source_page=35; extract_method=stage_carried; extra_factors/raw_extra=IVA; duplicate_source_page=35,35,Major Salivary Glands,"T0, T1, T2, T3, N2 M0 IVA",stage_carried,YES
Major Salivary Glands,AJCC8,any,T4b,Any,M0,Any,Any,IVA,source_page=35; extract_method=stage_carried; extra_factors/raw_extra=IVB,35,Major Salivary Glands,T4b Any N M0 IVB,stage_carried,YES
Major Salivary Glands,AJCC8,any,T4b,Any,M0,Any,Any,IVB,source_page=35; extract_method=tnm_stage,35,Major Salivary Glands,T4b Any N M0 IVB,tnm_stage,check
HPV-Mediated (p16+) Oropharyngeal Cancer,AJCC8,any,T0|T1|T2,N0|N1,M0,Any,Any,I,source_page=39; extract_method=tnm_stage; duplicate_source_page=39,39,HPV-Mediated (p16+) Oropharyngeal Cancer,"T0, T1 or T2 N0 or N1 M0 I",tnm_stage,check
HPV-Mediated (p16+) Oropharyngeal Cancer,AJCC8,any,T0|T1|T2,N2,M0,Any,Any,I,source_page=39; extract_method=stage_carried; extra_factors/raw_extra=II,39,HPV-Mediated (p16+) Oropharyngeal Cancer,"T0, T1 or T2 N2 M0 II",stage_carried,YES
HPV-Mediated (p16+) Oropharyngeal Cancer,AJCC8,any,T0|T1|T2,N2,M0,Any,Any,II,source_page=39; extract_method=tnm_stage,39,HPV-Mediated (p16+) Oropharyngeal Cancer,"T0, T1 or T2 N2 M0 II",tnm_stage,check
HPV-Mediated (p16+) Oropharyngeal Cancer,AJCC8,any,T0|T1|T2|,N3,M0,Any,Any,II,source_page=39; extract_method=stage_carried; extra_factors/raw_extra=III,39,HPV-Mediated (p16+) Oropharyngeal Cancer,"T0, T1, T2, N3 M0 III",stage_carried,YES
HPV-Mediated (p16+) Oropharyngeal Cancer,AJCC8,any,T0|T1|T2|,N3,M0,Any,Any,III,source_page=39; extract_method=tnm_stage,39,HPV-Mediated (p16+) Oropharyngeal Cancer,"T0, T1, T2, N3 M0 III",tnm_stage,check
HPV-Mediated (p16+) Oropharyngeal Cancer,AJCC8,any,T4,N0|N1|N2or,M0,Any,Any,III,source_page=39; extract_method=stage_carried; extra_factors/raw_extra=III; duplicate_source_page=39,39,HPV-Mediated (p16+) Oropharyngeal Cancer,"T4 N0, N1, N2 or M0 III",stage_carried,YES
HPV-Mediated (p16+) Oropharyngeal Cancer,AJCC8,any,T0|T1|T2,N0|N1,M0,Any,Any,III,source_page=39; extract_method=stage_carried; extra_factors/raw_extra=I,39,HPV-Mediated (p16+) Oropharyngeal Cancer,"T0, T1 or T2 N0, N1 M0 I",stage_carried,YES
HPV-Mediated (p16+) Oropharyngeal Cancer,AJCC8,any,T3|T4,N2,M0,Any,Any,I,source_page=39; extract_method=stage_carried; extra_factors/raw_extra=III,39,HPV-Mediated (p16+) Oropharyngeal Cancer,T3 or T4 N2 M0 III,stage_carried,YES
HPV-Mediated (p16+) Oropharyngeal Cancer,AJCC8,any,T3|T4,N2,M0,Any,Any,III,source_page=39; extract_method=tnm_stage,39,HPV-Mediated (p16+) Oropharyngeal Cancer,T3 or T4 N2 M0 III,tnm_stage,check
HPV-Mediated (p16+) Oropharyngeal Cancer,AJCC8,any,Any,Any,M1,Any,Any,III,source_page=39; extract_method=stage_carried; extra_factors/raw_extra=IV,39,HPV-Mediated (p16+) Oropharyngeal Cancer,Any T Any N M1 IV,stage_carried,YES
HPV-Mediated (p16+) Oropharyngeal Cancer,AJCC8,any,Any,Any,M1,Any,Any,IV,source_page=39; extract_method=tnm_stage,39,HPV-Mediated (p16+) Oropharyngeal Cancer,Any T Any N M1 IV,tnm_stage,check
Nasal Cavity and Paranasal Sinuses,AJCC8,any,T1,N0,M0,Any,Any,I,source_page=47; extract_method=tnm_stage,47,Nasal Cavity and Paranasal Sinuses,T1 N0 M0 I,tnm_stage,check
Larynx,AJCC8,any,Tis,N0,M0,Any,Any,0,source_page=49; extract_method=tnm_stage,49,Larynx,Tis N0 M0 0,tnm_stage,check
Larynx,AJCC8,any,T1|T2|T3|T4a,N2,M0,Any,Any,0,source_page=49; extract_method=stage_carried; extra_factors/raw_extra=IVA,49,Larynx,"T1, T2, T3, T4a N2 M0 IVA",stage_carried,YES
Larynx,AJCC8,any,T1|T2|T3|T4a,N2,M0,Any,Any,IVA,source_page=49; extract_method=tnm_stage,49,Larynx,"T1, T2, T3, T4a N2 M0 IVA",tnm_stage,check
Cutaneous Carcinoma of the Head and Neck,AJCC8,yp,Tis,N0,M0,Any,Any,0,source_page=57; extract_method=tnm_stage,57,Cutaneous Carcinoma of the Head and Neck,Tis N0 M0 0,tnm_stage,check
Cutaneous Carcinoma of the Head and Neck,AJCC8,yp,T1,N0,M0,Any,Any,0,source_page=57; extract_method=stage_carried; extra_factors/raw_extra=I,57,Cutaneous Carcinoma of the Head and Neck,T1 N0 M0 I,stage_carried,YES
Cutaneous Carcinoma of the Head and Neck,AJCC8,yp,T1,N0,M0,Any,Any,I,source_page=57; extract_method=tnm_stage,57,Cutaneous Carcinoma of the Head and Neck,T1 N0 M0 I,tnm_stage,check
Cutaneous Carcinoma of the Head and Neck,AJCC8,yp,T2,N0,M0,Any,Any,I,source_page=57; extract_method=stage_carried; extra_factors/raw_extra=II,57,Cutaneous Carcinoma of the Head and Neck,T2 N0 M0 II,stage_carried,YES
Cutaneous Carcinoma of the Head and Neck,AJCC8,yp,T2,N0,M0,Any,Any,II,source_page=57; extract_method=tnm_stage,57,Cutaneous Carcinoma of the Head and Neck,T2 N0 M0 II,tnm_stage,check
Cutaneous Carcinoma of the Head and Neck,AJCC8,yp,T3,N0,M0,Any,Any,II,source_page=57; extract_method=stage_carried; extra_factors/raw_extra=III,57,Cutaneous Carcinoma of the Head and Neck,T3 N0 M0 III,stage_carried,YES
Cutaneous Carcinoma of the Head and Neck,AJCC8,yp,T3,N0,M0,Any,Any,III,source_page=57; extract_method=tnm_stage,57,Cutaneous Carcinoma of the Head and Neck,T3 N0 M0 III,tnm_stage,check
Cutaneous Carcinoma of the Head and Neck,AJCC8,yp,T1,N1,M0,Any,Any,III,source_page=57; extract_method=stage_carried; extra_factors/raw_extra=III; duplicate_source_page=57,57,Cutaneous Carcinoma of the Head and Neck,T1 N1 M0 III,stage_carried,YES
Cutaneous Carcinoma of the Head and Neck,AJCC8,yp,T2,N1,M0,Any,Any,III,source_page=57; extract_method=stage_carried; extra_factors/raw_extra=III | Bibliography; duplicate_source_page=57,57,Cutaneous Carcinoma of the Head and Neck,T2 N1 M0 III Bibliography,stage_carried,YES
Cutaneous Carcinoma of the Head and Neck,AJCC8,yp,T3,N1,M0,Any,Any,III,source_page=57; extract_method=stage_carried; extra_factors/raw_extra=III; duplicate_source_page=57,57,Cutaneous Carcinoma of the Head and Neck,T3 N1 M0 III,stage_carried,YES
Cutaneous Carcinoma of the Head and Neck,AJCC8,yp,T1,N2,M0,Any,Any,III,"source_page=57; extract_method=stage_carried; extra_factors/raw_extra=IV | 1. Diepgen TL, Mahler V. The epidemiology of skin cancer. Br",57,Cutaneous Carcinoma of the Head and Neck,"T1 N2 M0 IV 1. Diepgen TL, Mahler V. The epidemiology of skin cancer. Br",stage_carried,YES
Cutaneous Carcinoma of the Head and Neck,AJCC8,yp,T1,N2,M0,Any,Any,IV,"source_page=57; extract_method=tnm_stage; extra_factors/raw_extra=1. Diepgen TL, Mahler V. The epidemiology of skin cancer. Br",57,Cutaneous Carcinoma of the Head and Neck,"T1 N2 M0 IV 1. Diepgen TL, Mahler V. The epidemiology of skin cancer. Br",tnm_stage,YES
Cutaneous Carcinoma of the Head and Neck,AJCC8,yp,T2,N2,M0,Any,Any,IV,source_page=57; extract_method=stage_carried; extra_factors/raw_extra=IV | J Dermatol. Apr 2002;146 Suppl 61(s61):1-6.; duplicate_source_page=57,57,Cutaneous Carcinoma of the Head and Neck,T2 N2 M0 IV J Dermatol. Apr 2002;146 Suppl 61(s61):1-6.,stage_carried,YES
Cutaneous Carcinoma of the Head and Neck,AJCC8,yp,T3,N2,M0,Any,Any,IV,"source_page=57; extract_method=stage_carried; extra_factors/raw_extra=IV | 2. Housman TS, Feldman SR, Williford PM, et al. Skin cancer is; duplicate_source_page=57",57,Cutaneous Carcinoma of the Head and Neck,"T3 N2 M0 IV 2. Housman TS, Feldman SR, Williford PM, et al. Skin cancer is",stage_carried,YES
Cutaneous Carcinoma of the Head and Neck,AJCC8,yp,Any,N3,M0,Any,Any,IV,source_page=57; extract_method=stage_carried; extra_factors/raw_extra=IV | among the most costly of all cancers to treat for the Medicare popu-; duplicate_source_page=57,57,Cutaneous Carcinoma of the Head and Neck,Any T N3 M0 IV among the most costly of all cancers to treat for the Medicare popu-,stage_carried,YES
Cutaneous Carcinoma of the Head and Neck,AJCC8,yp,T4,Any,M0,Any,Any,IV,source_page=57; extract_method=stage_carried; extra_factors/raw_extra=IV; duplicate_source_page=57,57,Cutaneous Carcinoma of the Head and Neck,T4 Any N M0 IV,stage_carried,YES
Cutaneous Carcinoma of the Head and Neck,AJCC8,yp,Any,Any,M1,Any,Any,IV,"source_page=57; extract_method=stage_carried; extra_factors/raw_extra=IV | 3. Alam M, Ratner D. Cutaneous squamous-cell carcinoma. N Engl; duplicate_source_page=57",57,Cutaneous Carcinoma of the Head and Neck,"Any T Any N M1 IV 3. Alam M, Ratner D. Cutaneous squamous-cell carcinoma. N Engl",stage_carried,YES
Appendix - carcinoma,AJCC8,any,T3,N0,M0,Any,Any,IIA,source_page=65; extract_method=tnm_stage,65,Appendix - Carcinoma,T3 N0 M0 IIA,tnm_stage,check
Appendix - carcinoma,AJCC8,any,T4a,N0,M0,Any,Any,IIA,source_page=65; extract_method=stage_carried; extra_factors/raw_extra=IIB,65,Appendix - Carcinoma,T4a N0 M0 IIB,stage_carried,YES
Appendix - carcinoma,AJCC8,any,T4a,N0,M0,Any,Any,IIB,source_page=65; extract_method=tnm_stage,65,Appendix - Carcinoma,T4a N0 M0 IIB,tnm_stage,check
Appendix - carcinoma,AJCC8,any,T4,N1,M0,Any,Any,IIB,source_page=65; extract_method=stage_carried; extra_factors/raw_extra=IIIB,65,Appendix - Carcinoma,T4 N1 M0 IIIB,stage_carried,YES
Appendix - carcinoma,AJCC8,any,T4,N1,M0,Any,Any,IIIB,source_page=65; extract_method=tnm_stage,65,Appendix - Carcinoma,T4 N1 M0 IIIB,tnm_stage,check
Appendix - carcinoma,AJCC8,any,Any,N2,M0,Any,Any,IIIB,source_page=65; extract_method=stage_carried; extra_factors/raw_extra=IIIC,65,Appendix - Carcinoma,Any T N2 M0 IIIC,stage_carried,YES
Appendix - carcinoma,AJCC8,any,Any,N2,M0,Any,Any,IIIC,source_page=65; extract_method=tnm_stage,65,Appendix - Carcinoma,Any T N2 M0 IIIC,tnm_stage,check
Appendix - carcinoma,AJCC8,any,Any,Any,M1b,Any,Any,IIIC,source_page=65; extract_method=stage_carried; extra_factors/raw_extra=G1 | IVA,65,Appendix - Carcinoma,Any T Any N M1b G1 IVA,stage_carried,YES
Appendix - carcinoma,AJCC8,any,Any,Any,M1b,G1,Any,IVA,source_page=65; extract_method=tnm_extra_stage; duplicate_source_page=65,65,Appendix - Carcinoma,Any T Any N M1b G1 IVA,tnm_extra_stage,check
Ampulla of Vater,AJCC8,any,T1a,N0,M0,Any,Any,IA,source_page=77; extract_method=tnm_stage,77,Ampulla of Vater,T1a N0 M0 IA,tnm_stage,check
Ampulla of Vater,AJCC8,any,T3b,N0,M0,Any,Any,IA,source_page=77; extract_method=stage_carried; extra_factors/raw_extra=IIB,77,Ampulla of Vater,T3b N0 M0 IIB,stage_carried,YES
Ampulla of Vater,AJCC8,any,T3b,N0,M0,Any,Any,IIB,source_page=77; extract_method=tnm_stage,77,Ampulla of Vater,T3b N0 M0 IIB,tnm_stage,check
Neuroendocrine Tumors of the Stomach,AJCC8,any,TX|T0,NX|N0|N1,M1,Any,Any,IV,source_page=81; extract_method=tnm_stage,81,Neuroendocrine Tumors of the Stomach,"TX, T0 NX, N0, N1 M1 IV",tnm_stage,check
Neuroendocrine Tumors of the Stomach,AJCC8,any,T1,N0,M0,Any,Any,IV,source_page=81; extract_method=stage_carried; extra_factors/raw_extra=I,81,Neuroendocrine Tumors of the Stomach,T1 N0 M0 I,stage_carried,YES
Neuroendocrine Tumors of the Stomach,AJCC8,any,T1,N0,M0,Any,Any,I,source_page=81; extract_method=tnm_stage,81,Neuroendocrine Tumors of the Stomach,T1 N0 M0 I,tnm_stage,check
Neuroendocrine Tumors of the Stomach,AJCC8,any,T1,N1,M0,Any,Any,I,source_page=81; extract_method=stage_carried; extra_factors/raw_extra=III,81,Neuroendocrine Tumors of the Stomach,T1 N1 M0 III,stage_carried,YES
Neuroendocrine Tumors of the Stomach,AJCC8,any,T1,N1,M0,Any,Any,III,source_page=81; extract_method=tnm_stage,81,Neuroendocrine Tumors of the Stomach,T1 N1 M0 III,tnm_stage,check
Neuroendocrine Tumors of the Stomach,AJCC8,any,T2,N1,M0,Any,Any,III,source_page=81; extract_method=stage_carried; extra_factors/raw_extra=III; duplicate_source_page=81,81,Neuroendocrine Tumors of the Stomach,T2 N1 M0 III,stage_carried,YES
Neuroendocrine Tumors of the Stomach,AJCC8,any,T2,NX|N0|N1,M1,Any,Any,III,source_page=81; extract_method=stage_carried; extra_factors/raw_extra=IV,81,Neuroendocrine Tumors of the Stomach,"T2 NX, N0, N1 M1 IV",stage_carried,YES
Neuroendocrine Tumors of the Stomach,AJCC8,any,T2,NX|N0|N1,M1,Any,Any,IV,source_page=81; extract_method=tnm_stage,81,Neuroendocrine Tumors of the Stomach,"T2 NX, N0, N1 M1 IV",tnm_stage,check
Neuroendocrine Tumors of the Stomach,AJCC8,any,T3,N0,M0,Any,Any,IV,source_page=81; extract_method=stage_carried; extra_factors/raw_extra=II,81,Neuroendocrine Tumors of the Stomach,T3 N0 M0 II,stage_carried,YES
Neuroendocrine Tumors of the Stomach,AJCC8,any,T3,N0,M0,Any,Any,II,source_page=81; extract_method=tnm_stage,81,Neuroendocrine Tumors of the Stomach,T3 N0 M0 II,tnm_stage,check
Neuroendocrine Tumors of the Stomach,AJCC8,any,T3,NX|N0|N1,M1,Any,Any,II,source_page=81; extract_method=stage_carried; extra_factors/raw_extra=IV,81,Neuroendocrine Tumors of the Stomach,"T3 NX, N0, N1 M1 IV",stage_carried,YES
Neuroendocrine Tumors of the Stomach,AJCC8,any,T3,NX|N0|N1,M1,Any,Any,IV,source_page=81; extract_method=tnm_stage,81,Neuroendocrine Tumors of the Stomach,"T3 NX, N0, N1 M1 IV",tnm_stage,check
Neuroendocrine Tumors of the Stomach,AJCC8,any,T4,N1,M0,Any,Any,IV,source_page=81; extract_method=stage_carried; extra_factors/raw_extra=III,81,Neuroendocrine Tumors of the Stomach,T4 N1 M0 III,stage_carried,YES
Neuroendocrine Tumors of the Stomach,AJCC8,any,T4,N1,M0,Any,Any,III,source_page=81; extract_method=tnm_stage,81,Neuroendocrine Tumors of the Stomach,T4 N1 M0 III,tnm_stage,check
Neuroendocrine Tumors of the Jejunum and Ileum,AJCC8,any,T2,NX|N0|,M1,Any,Any,IV,source_page=84; extract_method=tnm_stage,84,Neuroendocrine Tumors of the Jejunum and Ileum,"T2 NX, N0, M1 IV",tnm_stage,check
Neuroendocrine Tumors of the Jejunum and Ileum,AJCC8,any,T3,N0,M0,Any,Any,IV,source_page=84; extract_method=stage_carried; extra_factors/raw_extra=II,84,Neuroendocrine Tumors of the Jejunum and Ileum,T3 N0 M0 II,stage_carried,YES
Neuroendocrine Tumors of the Jejunum and Ileum,AJCC8,any,T3,N0,M0,Any,Any,II,source_page=84; extract_method=tnm_stage,84,Neuroendocrine Tumors of the Jejunum and Ileum,T3 N0 M0 II,tnm_stage,check
Neuroendocrine Tumors of the Jejunum and Ileum,AJCC8,any,T3,N1|N2,M0,Any,Any,II,source_page=84; extract_method=stage_carried; extra_factors/raw_extra=III,84,Neuroendocrine Tumors of the Jejunum and Ileum,"T3 N1, N2 M0 III",stage_carried,YES
Neuroendocrine Tumors of the Jejunum and Ileum,AJCC8,any,T3,N1|N2,M0,Any,Any,III,source_page=84; extract_method=tnm_stage,84,Neuroendocrine Tumors of the Jejunum and Ileum,"T3 N1, N2 M0 III",tnm_stage,check
Neuroendocrine Tumors of the Jejunum and Ileum,AJCC8,any,TX|T0,NX|N0|,M1,Any,Any,III,"source_page=84; extract_method=stage_carried; extra_factors/raw_extra=IV | MIB1 antibody; % of 500-2,000 tumor cells in areas of highest",84,Neuroendocrine Tumors of the Jejunum and Ileum,"TX, T0 NX, N0, M1 IV MIB1 antibody; % of 500-2,000 tumor cells in areas of highest",stage_carried,YES
Neuroendocrine Tumors of the Jejunum and Ileum,AJCC8,any,TX|T0,NX|N0|,M1,Any,Any,IV,"source_page=84; extract_method=tnm_stage; extra_factors/raw_extra=MIB1 antibody; % of 500-2,000 tumor cells in areas of highest",84,Neuroendocrine Tumors of the Jejunum and Ileum,"TX, T0 NX, N0, M1 IV MIB1 antibody; % of 500-2,000 tumor cells in areas of highest",tnm_stage,YES
Neuroendocrine Tumors of the Jejunum and Ileum,AJCC8,any,T1,N0,M0,Any,Any,IV,source_page=84; extract_method=stage_carried; extra_factors/raw_extra=I,84,Neuroendocrine Tumors of the Jejunum and Ileum,T1 N0 M0 I,stage_carried,YES
Neuroendocrine Tumors of the Jejunum and Ileum,AJCC8,any,T1,N0,M0,Any,Any,I,source_page=84; extract_method=tnm_stage,84,Neuroendocrine Tumors of the Jejunum and Ileum,T1 N0 M0 I,tnm_stage,check
Neuroendocrine Tumors of the Jejunum and Ileum,AJCC8,any,T1,N1|N2,M0,Any,Any,I,source_page=84; extract_method=stage_carried; extra_factors/raw_extra=III | In cases of disparity between Ki-67 proliferative index,84,Neuroendocrine Tumors of the Jejunum and Ileum,"T1 N1, N2 M0 III In cases of disparity between Ki-67 proliferative index",stage_carried,YES
Neuroendocrine Tumors of the Jejunum and Ileum,AJCC8,any,T1,N1|N2,M0,Any,Any,III,source_page=84; extract_method=tnm_stage; extra_factors/raw_extra=In cases of disparity between Ki-67 proliferative index,84,Neuroendocrine Tumors of the Jejunum and Ileum,"T1 N1, N2 M0 III In cases of disparity between Ki-67 proliferative index",tnm_stage,YES
Neuroendocrine Tumors of the Jejunum and Ileum,AJCC8,any,T1,NX|N0|,M1,Any,Any,III,"source_page=84; extract_method=stage_carried; extra_factors/raw_extra=IV | and mitotic count, the result indicating a higher-grade tumor",84,Neuroendocrine Tumors of the Jejunum and Ileum,"T1 NX, N0, M1 IV and mitotic count, the result indicating a higher-grade tumor",stage_carried,YES
Neuroendocrine Tumors of the Jejunum and Ileum,AJCC8,any,T1,NX|N0|,M1,Any,Any,IV,"source_page=84; extract_method=tnm_stage; extra_factors/raw_extra=and mitotic count, the result indicating a higher-grade tumor",84,Neuroendocrine Tumors of the Jejunum and Ileum,"T1 NX, N0, M1 IV and mitotic count, the result indicating a higher-grade tumor",tnm_stage,YES
Neuroendocrine Tumors of the Jejunum and Ileum,AJCC8,any,T2,N0,M0,Any,Any,IV,source_page=84; extract_method=stage_carried; extra_factors/raw_extra=II | count of 1 per 10 HPF and a Ki-67 of 12% should be desig-,84,Neuroendocrine Tumors of the Jejunum and Ileum,T2 N0 M0 II count of 1 per 10 HPF and a Ki-67 of 12% should be desig-,stage_carried,YES
Neuroendocrine Tumors of the Jejunum and Ileum,AJCC8,any,T2,N0,M0,Any,Any,II,source_page=84; extract_method=tnm_stage; extra_factors/raw_extra=count of 1 per 10 HPF and a Ki-67 of 12% should be desig-,84,Neuroendocrine Tumors of the Jejunum and Ileum,T2 N0 M0 II count of 1 per 10 HPF and a Ki-67 of 12% should be desig-,tnm_stage,YES
Neuroendocrine Tumors of the Jejunum and Ileum,AJCC8,any,T2,N1|N2,M0,Any,Any,II,source_page=84; extract_method=stage_carried; extra_factors/raw_extra=III | nated as a G2 NET.,84,Neuroendocrine Tumors of the Jejunum and Ileum,"T2 N1, N2 M0 III nated as a G2 NET.",stage_carried,YES
Neuroendocrine Tumors of the Jejunum and Ileum,AJCC8,any,T2,N1|N2,M0,Any,Any,III,source_page=84; extract_method=tnm_stage; extra_factors/raw_extra=nated as a G2 NET.,84,Neuroendocrine Tumors of the Jejunum and Ileum,"T2 N1, N2 M0 III nated as a G2 NET.",tnm_stage,YES
Neuroendocrine Tumors of the Appendix,AJCC8,yp,TX|T0,NX|N0|N1,M1,Any,Any,IV,source_page=87; extract_method=tnm_stage,87,Neuroendocrine Tumors of the Appendix,"TX, T0 NX, N0, N1 M1 IV",tnm_stage,check
Neuroendocrine Tumors of the Appendix,AJCC8,yp,T1,N0,M0,Any,Any,IV,source_page=87; extract_method=stage_carried; extra_factors/raw_extra=I,87,Neuroendocrine Tumors of the Appendix,T1 N0 M0 I,stage_carried,YES
Neuroendocrine Tumors of the Appendix,AJCC8,yp,T1,N0,M0,Any,Any,I,source_page=87; extract_method=tnm_stage,87,Neuroendocrine Tumors of the Appendix,T1 N0 M0 I,tnm_stage,check
Neuroendocrine Tumors of the Appendix,AJCC8,yp,T1,N1,M0,Any,Any,I,source_page=87; extract_method=stage_carried; extra_factors/raw_extra=III,87,Neuroendocrine Tumors of the Appendix,T1 N1 M0 III,stage_carried,YES
Neuroendocrine Tumors of the Appendix,AJCC8,yp,T1,N1,M0,Any,Any,III,source_page=87; extract_method=tnm_stage,87,Neuroendocrine Tumors of the Appendix,T1 N1 M0 III,tnm_stage,check
Neuroendocrine Tumors of the Appendix,AJCC8,any,T2,N0,M0,Any,Any,II,source_page=88; extract_method=tnm_stage,88,Neuroendocrine Tumors of the Appendix,T2 N0 M0 II,tnm_stage,check
Neuroendocrine Tumors of the Appendix,AJCC8,any,T2,N1,M0,Any,Any,II,source_page=88; extract_method=stage_carried; extra_factors/raw_extra=III,88,Neuroendocrine Tumors of the Appendix,T2 N1 M0 III,stage_carried,YES
Neuroendocrine Tumors of the Appendix,AJCC8,any,T2,N1,M0,Any,Any,III,source_page=88; extract_method=tnm_stage,88,Neuroendocrine Tumors of the Appendix,T2 N1 M0 III,tnm_stage,check
Neuroendocrine Tumors of the Appendix,AJCC8,yp,T2,NX|N0|N1,M1,Any,Any,III,source_page=88; extract_method=stage_carried; extra_factors/raw_extra=IV | HISTOPATHOLOGIC TYPE,88,Neuroendocrine Tumors of the Appendix,"T2 NX, N0, N1 M1 IV HISTOPATHOLOGIC TYPE",stage_carried,YES
Neuroendocrine Tumors of the Appendix,AJCC8,yp,T2,NX|N0|N1,M1,Any,Any,IV,source_page=88; extract_method=tnm_stage; extra_factors/raw_extra=HISTOPATHOLOGIC TYPE,88,Neuroendocrine Tumors of the Appendix,"T2 NX, N0, N1 M1 IV HISTOPATHOLOGIC TYPE",tnm_stage,YES
Neuroendocrine Tumors of the Appendix,AJCC8,yp,T3,N0,M0,Any,Any,IV,source_page=88; extract_method=stage_carried; extra_factors/raw_extra=II,88,Neuroendocrine Tumors of the Appendix,T3 N0 M0 II,stage_carried,YES
Neuroendocrine Tumors of the Appendix,AJCC8,yp,T3,N0,M0,Any,Any,II,source_page=88; extract_method=tnm_stage,88,Neuroendocrine Tumors of the Appendix,T3 N0 M0 II,tnm_stage,check
Neuroendocrine Tumors of the Appendix,AJCC8,yp,T3,N1,M0,Any,Any,II,source_page=88; extract_method=stage_carried; extra_factors/raw_extra=III,88,Neuroendocrine Tumors of the Appendix,T3 N1 M0 III,stage_carried,YES
Neuroendocrine Tumors of the Appendix,AJCC8,yp,T3,N1,M0,Any,Any,III,source_page=88; extract_method=tnm_stage,88,Neuroendocrine Tumors of the Appendix,T3 N1 M0 III,tnm_stage,check
Neuroendocrine Tumors of the Appendix,AJCC8,yp,T3,NX|N0|N1,M1,Any,Any,III,source_page=88; extract_method=stage_carried; extra_factors/raw_extra=IV,88,Neuroendocrine Tumors of the Appendix,"T3 NX, N0, N1 M1 IV",stage_carried,YES
Neuroendocrine Tumors of the Appendix,AJCC8,yp,T3,NX|N0|N1,M1,Any,Any,IV,source_page=88; extract_method=tnm_stage,88,Neuroendocrine Tumors of the Appendix,"T3 NX, N0, N1 M1 IV",tnm_stage,check
Neuroendocrine Tumors of the Appendix,AJCC8,yp,T4,N0,M0,Any,Any,IV,source_page=88; extract_method=stage_carried; extra_factors/raw_extra=III,88,Neuroendocrine Tumors of the Appendix,T4 N0 M0 III,stage_carried,YES
Neuroendocrine Tumors of the Appendix,AJCC8,yp,T4,N0,M0,Any,Any,III,source_page=88; extract_method=tnm_stage,88,Neuroendocrine Tumors of the Appendix,T4 N0 M0 III,tnm_stage,check
Neuroendocrine Tumors of the Appendix,AJCC8,yp,T4,N1,M0,Any,Any,III,source_page=88; extract_method=stage_carried; extra_factors/raw_extra=III; duplicate_source_page=88,88,Neuroendocrine Tumors of the Appendix,T4 N1 M0 III,stage_carried,YES
Neuroendocrine Tumors of the Appendix,AJCC8,yp,T4,NX|N0|N1,M1,Any,Any,III,source_page=88; extract_method=stage_carried; extra_factors/raw_extra=IV,88,Neuroendocrine Tumors of the Appendix,"T4 NX, N0, N1 M1 IV",stage_carried,YES
Neuroendocrine Tumors of the Appendix,AJCC8,yp,T4,NX|N0|N1,M1,Any,Any,IV,source_page=88; extract_method=tnm_stage,88,Neuroendocrine Tumors of the Appendix,"T4 NX, N0, N1 M1 IV",tnm_stage,check
Neuroendocrine Tumors of the Colon and Rectum,AJCC8,any,TX|T0,Any,M1,Any,Any,IV,source_page=91; extract_method=tnm_stage,91,Neuroendocrine Tumors of the Colon and Rectum,"TX, T0 Any N M1 IV",tnm_stage,check
Neuroendocrine Tumors of the Colon and Rectum,AJCC8,any,T1,N0,M0,Any,Any,IV,source_page=91; extract_method=stage_carried; extra_factors/raw_extra=I,91,Neuroendocrine Tumors of the Colon and Rectum,T1 N0 M0 I,stage_carried,YES
Neuroendocrine Tumors of the Colon and Rectum,AJCC8,any,T1,N0,M0,Any,Any,I,source_page=91; extract_method=tnm_stage,91,Neuroendocrine Tumors of the Colon and Rectum,T1 N0 M0 I,tnm_stage,check
Neuroendocrine Tumors of the Colon and Rectum,AJCC8,any,T1,N1,M0,Any,Any,I,source_page=91; extract_method=stage_carried; extra_factors/raw_extra=IIIB,91,Neuroendocrine Tumors of the Colon and Rectum,T1 N1 M0 IIIB,stage_carried,YES
Neuroendocrine Tumors of the Colon and Rectum,AJCC8,any,T1,N1,M0,Any,Any,IIIB,source_page=91; extract_method=tnm_stage,91,Neuroendocrine Tumors of the Colon and Rectum,T1 N1 M0 IIIB,tnm_stage,check
Neuroendocrine Tumors of the Colon and Rectum,AJCC8,any,T1,Any,M1,Any,Any,IIIB,source_page=91; extract_method=stage_carried; extra_factors/raw_extra=IV,91,Neuroendocrine Tumors of the Colon and Rectum,T1 Any N M1 IV,stage_carried,YES
Neuroendocrine Tumors of the Colon and Rectum,AJCC8,any,T1,Any,M1,Any,Any,IV,source_page=91; extract_method=tnm_stage,91,Neuroendocrine Tumors of the Colon and Rectum,T1 Any N M1 IV,tnm_stage,check
Neuroendocrine Tumors of the Colon and Rectum,AJCC8,any,T2,N0,M0,Any,Any,IV,source_page=91; extract_method=stage_carried; extra_factors/raw_extra=IIA,91,Neuroendocrine Tumors of the Colon and Rectum,T2 N0 M0 IIA,stage_carried,YES
Neuroendocrine Tumors of the Colon and Rectum,AJCC8,any,T2,N0,M0,Any,Any,IIA,source_page=91; extract_method=tnm_stage,91,Neuroendocrine Tumors of the Colon and Rectum,T2 N0 M0 IIA,tnm_stage,check
Neuroendocrine Tumors of the Colon and Rectum,AJCC8,any,T2,Any,M1,Any,Any,IIA,source_page=91; extract_method=stage_carried; extra_factors/raw_extra=IV,91,Neuroendocrine Tumors of the Colon and Rectum,T2 Any N M1 IV,stage_carried,YES
Neuroendocrine Tumors of the Colon and Rectum,AJCC8,any,T2,Any,M1,Any,Any,IV,source_page=91; extract_method=tnm_stage,91,Neuroendocrine Tumors of the Colon and Rectum,T2 Any N M1 IV,tnm_stage,check
Neuroendocrine Tumors of the Colon and Rectum,AJCC8,any,T3,N1,M0,Any,Any,IV,source_page=91; extract_method=stage_carried; extra_factors/raw_extra=IIIB,91,Neuroendocrine Tumors of the Colon and Rectum,T3 N1 M0 IIIB,stage_carried,YES
Neuroendocrine Tumors of the Colon and Rectum,AJCC8,any,T3,N1,M0,Any,Any,IIIB,source_page=91; extract_method=tnm_stage,91,Neuroendocrine Tumors of the Colon and Rectum,T3 N1 M0 IIIB,tnm_stage,check
Breast,AJCC8,pathological,T2,N0,M0,Any,Any,IIA,source_page=155; extract_method=tnm_stage,155,Breast,T2 N0 M0 IIA,tnm_stage,check
Breast,AJCC8,pathological,T3,N0,M0,Any,Any,IIA,source_page=155; extract_method=stage_carried; extra_factors/raw_extra=IIB,155,Breast,T3 N0 M0 IIB,stage_carried,YES
Breast,AJCC8,pathological,T3,N0,M0,Any,Any,IIB,source_page=155; extract_method=tnm_stage,155,Breast,T3 N0 M0 IIB,tnm_stage,check
Breast,AJCC8,pathological,T2,N2,M0,Any,Any,IIB,source_page=155; extract_method=stage_carried; extra_factors/raw_extra=IIIA,155,Breast,T2 N2 M0 IIIA,stage_carried,YES
Breast,AJCC8,pathological,T2,N2,M0,Any,Any,IIIA,source_page=155; extract_method=tnm_stage,155,Breast,T2 N2 M0 IIIA,tnm_stage,check
Breast,AJCC8,pathological,T3,N1,M0,Any,Any,IIIA,source_page=155; extract_method=stage_carried; extra_factors/raw_extra=IIIA; duplicate_source_page=155,155,Breast,T3 N1 M0 IIIA,stage_carried,YES
Breast,AJCC8,pathological,Any,Any,M1,Any,Any,IIIA,source_page=155; extract_method=stage_carried; extra_factors/raw_extra=IV,155,Breast,Any T Any N M1 IV,stage_carried,YES
Breast,AJCC8,pathological,Any,Any,M1,Any,Any,IV,source_page=155; extract_method=tnm_stage,155,Breast,Any T Any N M1 IV,tnm_stage,check
Breast,AJCC8,pathological,TisN0M0,Any,Any,Any,Any,0,source_page=156; extract_method=tnm_extra_stage; extra_factors/raw_extra=Any | Any; duplicate_source_page=159,156,Breast,Tis N0 M0 Any Any Any Any 0,tnm_extra_stage,YES
Breast,AJCC8,pathological,Tis,N0,M0,Any,Any,0,source_page=156; extract_method=combined_tnm_stage; extra_factors/raw_extra=Any | Any | Any | Any; duplicate_source_page=159,156,Breast,Tis N0 M0 Any Any Any Any 0,combined_tnm_stage,YES
Breast,AJCC8,pathological,T1,N0,M0,Any,Any,IA,source_page=156; extract_method=combined_tnm_stage; extra_factors/raw_extra=G1 | Positive | Positive | Positive; duplicate_source_page=159; duplicate_source_page=162,156,Breast,T1* N0 M0 G1 Positive Positive Positive IA,combined_tnm_stage,YES
Breast,AJCC8,pathological,T0,N1mi,M0,Any,Any,IA,source_page=156; extract_method=combined_tnm_stage; extra_factors/raw_extra=Negative; duplicate_source_page=159,156,Breast,T0 N1mi M0 Negative IA,combined_tnm_stage,YES
Breast,AJCC8,clinical,T0,N1,M0,Any,Any,IB,source_page=157; extract_method=combined_tnm_stage; extra_factors/raw_extra=G1 | Positive | Positive | Positive,157,Breast,T0 N1** M0 G1 Positive Positive Positive IB,combined_tnm_stage,YES
Breast,AJCC8,clinical,T1,N1,M0,Any,Any,IIA,source_page=157; extract_method=combined_tnm_stage; extra_factors/raw_extra=Negative,157,Breast,T1* N1** M0 Negative IIA,combined_tnm_stage,YES
Breast,AJCC8,clinical,T2,N1,M0,Any,Any,IB,source_page=157; extract_method=combined_tnm_stage; extra_factors/raw_extra=G1 | Positive | Positive | Positive,157,Breast,T2 N1*** M0 G1 Positive Positive Positive IB,combined_tnm_stage,YES
Breast,AJCC8,clinical,T3,N0,M0,Any,Any,IIA,source_page=157; extract_method=combined_tnm_stage; extra_factors/raw_extra=Negative,157,Breast,T3 N0 M0 Negative IIA,combined_tnm_stage,YES
Breast,AJCC8,clinical,T0,N2,M0,Any,Any,IIA,source_page=158; extract_method=combined_tnm_stage; extra_factors/raw_extra=G1 | Positive | Positive | Positive,158,Breast,T0 N2 M0 G1 Positive Positive Positive IIA,combined_tnm_stage,YES
Breast,AJCC8,clinical,T1,N2,M0,Any,Any,IIIA,source_page=158; extract_method=combined_tnm_stage; extra_factors/raw_extra=Negative,158,Breast,T1* N2 M0 Negative IIIA,combined_tnm_stage,YES
Breast,AJCC8,clinical,T3,N2,M0,Any,Any,IIIA,source_page=158; extract_method=combined_tnm_stage; extra_factors/raw_extra=Negative,158,Breast,T3 N2 M0 Negative IIIA,combined_tnm_stage,YES
Breast,AJCC8,clinical,T4,N0,M0,Any,Any,IIIA,source_page=158; extract_method=combined_tnm_stage; extra_factors/raw_extra=G1 | Positive | Positive | Positive,158,Breast,T4 N0 M0 G1 Positive Positive Positive IIIA,combined_tnm_stage,YES
Breast,AJCC8,clinical,T4,N1,M0,Any,Any,IIIB,source_page=158; extract_method=combined_tnm_stage; extra_factors/raw_extra=Negative,158,Breast,T4 N1*** M0 Negative IIIB,combined_tnm_stage,YES
Breast,AJCC8,clinical,AnyAnyNM1,Any,Any,Any,Any,IV,source_page=159; extract_method=tnm_extra_stage; extra_factors/raw_extra=Any | Any,159,Breast,Any T Any N M1 Any Any Any Any IV,tnm_extra_stage,YES
Breast,AJCC8,clinical,Any,Any,M1,Any,Any,IV,source_page=159; extract_method=combined_tnm_stage; extra_factors/raw_extra=Any | Any | Any | Any,159,Breast,Any T Any N M1 Any Any Any Any IV,combined_tnm_stage,YES
Breast,AJCC8,pathological,TisN0M0,Any,Any,Any,Any,IV,source_page=159; extract_method=stage_carried; extra_factors/raw_extra=Any | Any | 0,159,Breast,Tis N0 M0 Any Any Any Any 0,stage_carried,YES
Breast,AJCC8,any,T0,N1,M0,Any,Any,IA,source_page=160; extract_method=combined_tnm_stage; extra_factors/raw_extra=G1 | Positive | Positive | Positive,160,Breast,T0 N1** M0 G1 Positive Positive Positive IA,combined_tnm_stage,YES
Breast,AJCC8,any,T1,N1,M0,Any,Any,IB,source_page=160; extract_method=combined_tnm_stage; extra_factors/raw_extra=Negative,160,Breast,T1* N1** M0 Negative IB,combined_tnm_stage,YES
Breast,AJCC8,any,T2,N1,M0,Any,Any,IA,source_page=160; extract_method=combined_tnm_stage; extra_factors/raw_extra=G1 | Positive | Positive | Positive,160,Breast,T2 N1*** M0 G1 Positive Positive Positive IA,combined_tnm_stage,YES
Breast,AJCC8,any,T3,N0,M0,Any,Any,IIB,source_page=160; extract_method=combined_tnm_stage; extra_factors/raw_extra=Negative,160,Breast,T3 N0 M0 Negative IIB,combined_tnm_stage,YES
Breast,AJCC8,any,T0,N2,M0,Any,Any,IB,source_page=161; extract_method=combined_tnm_stage; extra_factors/raw_extra=G1 | Positive | Positive | Positive,161,Breast,T0 N2 M0 G1 Positive Positive Positive IB,combined_tnm_stage,YES
Breast,AJCC8,any,T1,N2,M0,Any,Any,IIIA,source_page=161; extract_method=combined_tnm_stage; extra_factors/raw_extra=Negative,161,Breast,T1* N2 M0 Negative IIIA,combined_tnm_stage,YES
Breast,AJCC8,any,T3,N2,M0,Any,Any,IIIA,source_page=161; extract_method=combined_tnm_stage; extra_factors/raw_extra=Negative,161,Breast,T3 N2 M0 Negative IIIA,combined_tnm_stage,YES
Breast,AJCC8,any,T4,N0,M0,Any,Any,IIIA,source_page=161; extract_method=combined_tnm_stage; extra_factors/raw_extra=G1 | Positive | Positive | Positive,161,Breast,T4 N0 M0 G1 Positive Positive Positive IIIA,combined_tnm_stage,YES
Breast,AJCC8,any,T4,N1,M0,Any,Any,IIIB,source_page=161; extract_method=combined_tnm_stage; extra_factors/raw_extra=Negative,161,Breast,T4 N1*** M0 Negative IIIB,combined_tnm_stage,YES
Breast,AJCC8,any,AnyAnyN,Any,Any,Any,Any,IV,source_page=162; extract_method=tnm_extra_stage; extra_factors/raw_extra=Any | Any,162,Breast,Any T Any N Any Any Any Any IV,tnm_extra_stage,YES
Vulva,AJCC8,any,T1-T2,N1,M0,Any,Any,IIIA,source_page=170; extract_method=tnm_stage,170,Vulva,T1-T2 N1 M0 IIIA,tnm_stage,check
Vulva,AJCC8,any,T1-T2,N2a|N2b,M0,Any,Any,IIIA,source_page=170; extract_method=stage_carried; extra_factors/raw_extra=IIIB,170,Vulva,"T1-T2 N2a, N2b M0 IIIB",stage_carried,YES
Vulva,AJCC8,any,T1-T2,N2a|N2b,M0,Any,Any,IIIB,source_page=170; extract_method=tnm_stage,170,Vulva,"T1-T2 N2a, N2b M0 IIIB",tnm_stage,check
Corpus Uteri - Sarcoma,AJCC8,any,T1,N0,M0,Any,Any,I,source_page=180; extract_method=tnm_stage,180,Corpus Uteri - Sarcoma,T1 N0 M0 I,tnm_stage,check
Corpus Uteri - Sarcoma,AJCC8,any,T1b,N0,M0,Any,Any,I,source_page=180; extract_method=stage_carried; extra_factors/raw_extra=IB,180,Corpus Uteri - Sarcoma,T1b N0 M0 IB,stage_carried,YES
Corpus Uteri - Sarcoma,AJCC8,any,T1b,N0,M0,Any,Any,IB,source_page=180; extract_method=tnm_stage,180,Corpus Uteri - Sarcoma,T1b N0 M0 IB,tnm_stage,check
Corpus Uteri - Sarcoma,AJCC8,yp,T1,N0,M0,Any,Any,I,source_page=181; extract_method=tnm_stage; extra_factors/raw_extra=Epithelioid leiomyosarcoma,181,Corpus Uteri - Sarcoma,T1 N0 M0 I Epithelioid leiomyosarcoma,tnm_stage,YES
Corpus Uteri - Sarcoma,AJCC8,yp,T1a,N0,M0,Any,Any,I,source_page=181; extract_method=stage_carried; extra_factors/raw_extra=IA | Myxoid leiomyosarcoma,181,Corpus Uteri - Sarcoma,T1a N0 M0 IA Myxoid leiomyosarcoma,stage_carried,YES
Corpus Uteri - Sarcoma,AJCC8,yp,T1a,N0,M0,Any,Any,IA,source_page=181; extract_method=tnm_stage; extra_factors/raw_extra=Myxoid leiomyosarcoma,181,Corpus Uteri - Sarcoma,T1a N0 M0 IA Myxoid leiomyosarcoma,tnm_stage,YES
Corpus Uteri - Sarcoma,AJCC8,yp,T1b,N0,M0,Any,Any,IA,source_page=181; extract_method=stage_carried; extra_factors/raw_extra=IB,181,Corpus Uteri - Sarcoma,T1b N0 M0 IB,stage_carried,YES
Corpus Uteri - Sarcoma,AJCC8,yp,T1b,N0,M0,Any,Any,IB,source_page=181; extract_method=tnm_stage,181,Corpus Uteri - Sarcoma,T1b N0 M0 IB,tnm_stage,check
Corpus Uteri - Sarcoma,AJCC8,yp,T1c,N0,M0,Any,Any,IB,source_page=181; extract_method=stage_carried; extra_factors/raw_extra=IC,181,Corpus Uteri - Sarcoma,T1c N0 M0 IC,stage_carried,YES
Corpus Uteri - Sarcoma,AJCC8,yp,T1c,N0,M0,Any,Any,IC,source_page=181; extract_method=tnm_stage,181,Corpus Uteri - Sarcoma,T1c N0 M0 IC,tnm_stage,check
Corpus Uteri - Sarcoma,AJCC8,yp,T2,N0,M0,Any,Any,IC,source_page=181; extract_method=stage_carried; extra_factors/raw_extra=II,181,Corpus Uteri - Sarcoma,T2 N0 M0 II,stage_carried,YES
Corpus Uteri - Sarcoma,AJCC8,yp,T2,N0,M0,Any,Any,II,source_page=181; extract_method=tnm_stage,181,Corpus Uteri - Sarcoma,T2 N0 M0 II,tnm_stage,check
Corpus Uteri - Sarcoma,AJCC8,yp,T3a,N0,M0,Any,Any,II,source_page=181; extract_method=stage_carried; extra_factors/raw_extra=IIIA,181,Corpus Uteri - Sarcoma,T3a N0 M0 IIIA,stage_carried,YES
Corpus Uteri - Sarcoma,AJCC8,yp,T3a,N0,M0,Any,Any,IIIA,source_page=181; extract_method=tnm_stage,181,Corpus Uteri - Sarcoma,T3a N0 M0 IIIA,tnm_stage,check
Corpus Uteri - Sarcoma,AJCC8,yp,T3b,N0,M0,Any,Any,IIIA,source_page=181; extract_method=stage_carried; extra_factors/raw_extra=IIIB,181,Corpus Uteri - Sarcoma,T3b N0 M0 IIIB,stage_carried,YES
Corpus Uteri - Sarcoma,AJCC8,yp,T3b,N0,M0,Any,Any,IIIB,source_page=181; extract_method=tnm_stage,181,Corpus Uteri - Sarcoma,T3b N0 M0 IIIB,tnm_stage,check
Corpus Uteri - Sarcoma,AJCC8,yp,T1|T2|T3,N1,M0,Any,Any,IIIB,source_page=181; extract_method=stage_carried; extra_factors/raw_extra=IIIC,181,Corpus Uteri - Sarcoma,T1-3 N1 M0 IIIC,stage_carried,YES
Corpus Uteri - Sarcoma,AJCC8,yp,T1|T2|T3,N1,M0,Any,Any,IIIC,source_page=181; extract_method=tnm_stage,181,Corpus Uteri - Sarcoma,T1-3 N1 M0 IIIC,tnm_stage,check
Corpus Uteri - Sarcoma,AJCC8,yp,T4,Any,M0,Any,Any,IIIC,source_page=181; extract_method=stage_carried; extra_factors/raw_extra=IVA | Glandular elements,181,Corpus Uteri - Sarcoma,T4 Any N M0 IVA Glandular elements,stage_carried,YES
Corpus Uteri - Sarcoma,AJCC8,yp,T4,Any,M0,Any,Any,IVA,source_page=181; extract_method=tnm_stage; extra_factors/raw_extra=Glandular elements,181,Corpus Uteri - Sarcoma,T4 Any N M0 IVA Glandular elements,tnm_stage,YES
Corpus Uteri - Sarcoma,AJCC8,yp,Any,Any,M1,Any,Any,IVA,source_page=181; extract_method=stage_carried; extra_factors/raw_extra=IVB | High-grade endometrial stromal sarcoma,181,Corpus Uteri - Sarcoma,Any T Any N M1 IVB High-grade endometrial stromal sarcoma,stage_carried,YES
Corpus Uteri - Sarcoma,AJCC8,yp,Any,Any,M1,Any,Any,IVB,source_page=181; extract_method=tnm_stage; extra_factors/raw_extra=High-grade endometrial stromal sarcoma,181,Corpus Uteri - Sarcoma,Any T Any N M1 IVB High-grade endometrial stromal sarcoma,tnm_stage,YES
"Ovary, Fallopian Tube, and Primary Peritoneal Carcinoma",AJCC8,any,T1,N0,M0,Any,Any,I,source_page=184; extract_method=tnm_stage,184,"Ovary, Fallopian Tube, and Primary Peritoneal Carcinoma",T1 N0 M0 I,tnm_stage,check
"Ovary, Fallopian Tube, and Primary Peritoneal Carcinoma",AJCC8,any,T1|T2,N1,M0,Any,Any,I,source_page=184; extract_method=stage_carried; extra_factors/raw_extra=IIIA1,184,"Ovary, Fallopian Tube, and Primary Peritoneal Carcinoma",T1/T2 N1 M0 IIIA1,stage_carried,YES
"Ovary, Fallopian Tube, and Primary Peritoneal Carcinoma",AJCC8,any,Any,Any,M1b,Any,Any,I,source_page=184; extract_method=stage_carried; extra_factors/raw_extra=IVB,184,"Ovary, Fallopian Tube, and Primary Peritoneal Carcinoma",Any T Any N M1b IVB,stage_carried,YES
"Ovary, Fallopian Tube, and Primary Peritoneal Carcinoma",AJCC8,any,Any,Any,M1b,Any,Any,IVB,source_page=184; extract_method=tnm_stage,184,"Ovary, Fallopian Tube, and Primary Peritoneal Carcinoma",Any T Any N M1b IVB,tnm_stage,check
Penis,AJCC8,any,T3,N0,M0,Any,Any,IIB,source_page=187; extract_method=tnm_stage,187,Penis,T3 N0 M0 IIB,tnm_stage,check
Penis,AJCC8,yp,Tis,N0,M0,Any,Any,IIB,source_page=187; extract_method=stage_carried; extra_factors/raw_extra=0is,187,Penis,Tis N0 M0 0is,stage_carried,YES
Penis,AJCC8,yp,Tis,N0,M0,Any,Any,0is,source_page=187; extract_method=tnm_stage,187,Penis,Tis N0 M0 0is,tnm_stage,check
Penis,AJCC8,yp,Ta,N0,M0,Any,Any,0is,source_page=187; extract_method=stage_carried; extra_factors/raw_extra=0a | Rare Other Squamous Cell Carcinomas,187,Penis,Ta N0 M0 0a Rare Other Squamous Cell Carcinomas,stage_carried,YES
Penis,AJCC8,yp,Ta,N0,M0,Any,Any,0a,source_page=187; extract_method=tnm_stage; extra_factors/raw_extra=Rare Other Squamous Cell Carcinomas,187,Penis,Ta N0 M0 0a Rare Other Squamous Cell Carcinomas,tnm_stage,YES
Prostate,AJCC8,any,T2b|T2c,N0,M0,Any,Any,IIA,source_page=190; extract_method=tnm_extra_stage; extra_factors/raw_extra=<20 | 1,190,Prostate,cT2b-c N0 M0 <20 1 IIA,tnm_extra_stage,YES
Prostate,AJCC8,any,T1|T2,N0,M0,Any,Any,IIA,source_page=190; extract_method=stage_carried; extra_factors/raw_extra=<20 | 3 | IIC,190,Prostate,T1-2 N0 M0 <20 3 IIC,stage_carried,YES
Prostate,AJCC8,any,T1|T2,N0,M0,Any,Any,IIC,source_page=190; extract_method=tnm_extra_stage; extra_factors/raw_extra=<20 | 3; duplicate_source_page=190; duplicate_source_page=190; duplicate_source_page=190,190,Prostate,T1-2 N0 M0 <20 3 IIC,tnm_extra_stage,YES
Prostate,AJCC8,any,T1|T2,N0,M0,Any,Any,IIIA,source_page=190; extract_method=tnm_extra_stage; extra_factors/raw_extra=≥20 | 1-4,190,Prostate,T1-2 N0 M0 ≥20 1-4 IIIA,tnm_extra_stage,YES
Prostate,AJCC8,any,Any,N0,M0,Any,Any,IIIA,source_page=190; extract_method=stage_carried; extra_factors/raw_extra=Any | 5 | IIIC,190,Prostate,Any T N0 M0 Any 5 IIIC,stage_carried,YES
Prostate,AJCC8,any,Any,N0,M0,Any,Any,IIIC,source_page=190; extract_method=tnm_extra_stage; extra_factors/raw_extra=Any | 5,190,Prostate,Any T N0 M0 Any 5 IIIC,tnm_extra_stage,YES
Kidney,AJCC8,yp,T1,N0,M0,Any,Any,I,source_page=196; extract_method=tnm_stage; extra_factors/raw_extra=G1 | Nucleoli absent or inconspicuous and basophilic at 400x,196,Kidney,T1 N0 M0 I G1 Nucleoli absent or inconspicuous and basophilic at 400x,tnm_stage,YES
Kidney,AJCC8,yp,T1,N1,M0,Any,Any,I,source_page=196; extract_method=stage_carried; extra_factors/raw_extra=III | magnification,196,Kidney,T1 N1 M0 III magnification,stage_carried,YES
Kidney,AJCC8,yp,T1,N1,M0,Any,Any,III,source_page=196; extract_method=tnm_stage; extra_factors/raw_extra=magnification,196,Kidney,T1 N1 M0 III magnification,tnm_stage,YES
Kidney,AJCC8,yp,T2,N0,M0,Any,Any,III,"source_page=196; extract_method=stage_carried; extra_factors/raw_extra=II | G2 | Nucleoli conspicuous and eosinophilic at 400x magnification,",196,Kidney,"T2 N0 M0 II G2 Nucleoli conspicuous and eosinophilic at 400x magnification,",stage_carried,YES
Kidney,AJCC8,yp,T2,N0,M0,Any,Any,II,"source_page=196; extract_method=tnm_stage; extra_factors/raw_extra=G2 | Nucleoli conspicuous and eosinophilic at 400x magnification,",196,Kidney,"T2 N0 M0 II G2 Nucleoli conspicuous and eosinophilic at 400x magnification,",tnm_stage,YES
Kidney,AJCC8,yp,T2,N1,M0,Any,Any,II,source_page=196; extract_method=stage_carried; extra_factors/raw_extra=III | visible but not prominent at 100x magnification,196,Kidney,T2 N1 M0 III visible but not prominent at 100x magnification,stage_carried,YES
Kidney,AJCC8,yp,T2,N1,M0,Any,Any,III,source_page=196; extract_method=tnm_stage; extra_factors/raw_extra=visible but not prominent at 100x magnification,196,Kidney,T2 N1 M0 III visible but not prominent at 100x magnification,tnm_stage,YES
Kidney,AJCC8,yp,T3,NX|N0,M0,Any,Any,III,source_page=196; extract_method=stage_carried; extra_factors/raw_extra=III | G3 | Nucleoli conspicuous and eosinophilic at 100x magnification; duplicate_source_page=196,196,Kidney,"T3 NX, N0 M0 III G3 Nucleoli conspicuous and eosinophilic at 100x magnification",stage_carried,YES
Kidney,AJCC8,yp,T3,N1,M0,Any,Any,III,source_page=196; extract_method=stage_carried; extra_factors/raw_extra=III | G4 | Marked nuclear pleomorphism and/or multinucleate giant; duplicate_source_page=196,196,Kidney,T3 N1 M0 III G4 Marked nuclear pleomorphism and/or multinucleate giant,stage_carried,YES
Kidney,AJCC8,yp,T4,Any,M0,Any,Any,III,source_page=196; extract_method=stage_carried; extra_factors/raw_extra=IV,196,Kidney,T4 Any N M0 IV,stage_carried,YES
Kidney,AJCC8,yp,T4,Any,M0,Any,Any,IV,source_page=196; extract_method=tnm_stage,196,Kidney,T4 Any N M0 IV,tnm_stage,check
Kidney,AJCC8,yp,Any,Any,M1,Any,Any,IV,source_page=196; extract_method=stage_carried; extra_factors/raw_extra=IV; duplicate_source_page=196,196,Kidney,Any T Any N M1 IV,stage_carried,YES
Renal Pelvis and Ureter,AJCC8,any,Any,Any,M1,Any,Any,IV,source_page=199; extract_method=tnm_stage,199,Renal Pelvis and Ureter,Any T Any N M1 IV,tnm_stage,check
Renal Pelvis and Ureter,AJCC8,any,Ta,N0,M0,Any,Any,IV,source_page=199; extract_method=stage_carried; extra_factors/raw_extra=0a,199,Renal Pelvis and Ureter,Ta N0 M0 0a,stage_carried,YES
Renal Pelvis and Ureter,AJCC8,any,Ta,N0,M0,Any,Any,0a,source_page=199; extract_method=tnm_stage,199,Renal Pelvis and Ureter,Ta N0 M0 0a,tnm_stage,check
Renal Pelvis and Ureter,AJCC8,any,Tis,N0,M0,Any,Any,0a,source_page=199; extract_method=stage_carried; extra_factors/raw_extra=0is,199,Renal Pelvis and Ureter,Tis N0 M0 0is,stage_carried,YES
Renal Pelvis and Ureter,AJCC8,any,Tis,N0,M0,Any,Any,0is,source_page=199; extract_method=tnm_stage,199,Renal Pelvis and Ureter,Tis N0 M0 0is,tnm_stage,check
Renal Pelvis and Ureter,AJCC8,any,T1,N0,M0,Any,Any,0is,source_page=199; extract_method=stage_carried; extra_factors/raw_extra=I,199,Renal Pelvis and Ureter,T1 N0 M0 I,stage_carried,YES
Renal Pelvis and Ureter,AJCC8,any,T1,N0,M0,Any,Any,I,source_page=199; extract_method=tnm_stage,199,Renal Pelvis and Ureter,T1 N0 M0 I,tnm_stage,check
Renal Pelvis and Ureter,AJCC8,any,T2,N0,M0,Any,Any,I,source_page=199; extract_method=stage_carried; extra_factors/raw_extra=II,199,Renal Pelvis and Ureter,T2 N0 M0 II,stage_carried,YES
Renal Pelvis and Ureter,AJCC8,any,T2,N0,M0,Any,Any,II,source_page=199; extract_method=tnm_stage,199,Renal Pelvis and Ureter,T2 N0 M0 II,tnm_stage,check
Urinary Bladder,AJCC8,yp,Ta,N0,M0,Any,Any,0a,source_page=202; extract_method=tnm_stage; extra_factors/raw_extra=noma. The histologic subtypes are as follows:,202,Urinary Bladder,Ta N0 M0 0a noma. The histologic subtypes are as follows:,tnm_stage,YES
Urinary Bladder,AJCC8,yp,Tis,N0,M0,Any,Any,0a,source_page=202; extract_method=stage_carried; extra_factors/raw_extra=0is,202,Urinary Bladder,Tis N0 M0 0is,stage_carried,YES
Urinary Bladder,AJCC8,yp,Tis,N0,M0,Any,Any,0is,source_page=202; extract_method=tnm_stage,202,Urinary Bladder,Tis N0 M0 0is,tnm_stage,check
Urinary Bladder,AJCC8,yp,T1,N0,M0,Any,Any,0is,source_page=202; extract_method=stage_carried; extra_factors/raw_extra=I | Non-invasive carcinoma,202,Urinary Bladder,T1 N0 M0 I Non-invasive carcinoma,stage_carried,YES
Urinary Bladder,AJCC8,yp,T1,N0,M0,Any,Any,I,source_page=202; extract_method=tnm_stage; extra_factors/raw_extra=Non-invasive carcinoma,202,Urinary Bladder,T1 N0 M0 I Non-invasive carcinoma,tnm_stage,YES
Urinary Bladder,AJCC8,yp,T2a,N0,M0,Any,Any,I,source_page=202; extract_method=stage_carried; extra_factors/raw_extra=II,202,Urinary Bladder,T2a N0 M0 II,stage_carried,YES
Urinary Bladder,AJCC8,yp,T2a,N0,M0,Any,Any,II,source_page=202; extract_method=tnm_stage,202,Urinary Bladder,T2a N0 M0 II,tnm_stage,check
Urinary Bladder,AJCC8,yp,T2b,N0,M0,Any,Any,II,source_page=202; extract_method=stage_carried; extra_factors/raw_extra=II | • Low-grade papillary urothelial carcinoma; duplicate_source_page=202,202,Urinary Bladder,T2b N0 M0 II • Low-grade papillary urothelial carcinoma,stage_carried,YES
Urinary Bladder,AJCC8,yp,T3a|T3b|T4a,N0,M0,Any,Any,II,source_page=202; extract_method=stage_carried; extra_factors/raw_extra=IIIA | • High-grade papillary urothelial carcinoma,202,Urinary Bladder,"T3a, T3b, T4a N0 M0 IIIA • High-grade papillary urothelial carcinoma",stage_carried,YES
Urinary Bladder,AJCC8,yp,T3a|T3b|T4a,N0,M0,Any,Any,IIIA,source_page=202; extract_method=tnm_stage; extra_factors/raw_extra=• High-grade papillary urothelial carcinoma,202,Urinary Bladder,"T3a, T3b, T4a N0 M0 IIIA • High-grade papillary urothelial carcinoma",tnm_stage,YES
Urinary Bladder,AJCC8,yp,T1-T4a,N1,M0,Any,Any,IIIA,source_page=202; extract_method=stage_carried; extra_factors/raw_extra=IIIA | • Urothelial carcinoma in situ; duplicate_source_page=202,202,Urinary Bladder,T1-T4a N1 M0 IIIA • Urothelial carcinoma in situ,stage_carried,YES
Urinary Bladder,AJCC8,yp,T1-T4a,N2|N3,M0,Any,Any,IIIA,source_page=202; extract_method=stage_carried; extra_factors/raw_extra=IIIB,202,Urinary Bladder,"T1-T4a N2, N3 M0 IIIB",stage_carried,YES
Urinary Bladder,AJCC8,yp,T1-T4a,N2|N3,M0,Any,Any,IIIB,source_page=202; extract_method=tnm_stage,202,Urinary Bladder,"T1-T4a N2, N3 M0 IIIB",tnm_stage,check
Urinary Bladder,AJCC8,yp,T4b,Any,M0,Any,Any,IIIB,source_page=202; extract_method=stage_carried; extra_factors/raw_extra=IVA | Invasive carcinoma,202,Urinary Bladder,T4b Any N M0 IVA Invasive carcinoma,stage_carried,YES
Urinary Bladder,AJCC8,yp,T4b,Any,M0,Any,Any,IVA,source_page=202; extract_method=tnm_stage; extra_factors/raw_extra=Invasive carcinoma,202,Urinary Bladder,T4b Any N M0 IVA Invasive carcinoma,tnm_stage,YES
Urinary Bladder,AJCC8,yp,Any,Any,M1a,Any,Any,IVA,source_page=202; extract_method=stage_carried; extra_factors/raw_extra=IVA; duplicate_source_page=202,202,Urinary Bladder,Any T Any N M1a IVA,stage_carried,YES
Urinary Bladder,AJCC8,yp,Any,Any,M1b,Any,Any,IVA,source_page=202; extract_method=stage_carried; extra_factors/raw_extra=IVB | • Conventional urothelial carcinoma,202,Urinary Bladder,Any T Any N M1b IVB • Conventional urothelial carcinoma,stage_carried,YES
Urinary Bladder,AJCC8,yp,Any,Any,M1b,Any,Any,IVB,source_page=202; extract_method=tnm_stage; extra_factors/raw_extra=• Conventional urothelial carcinoma,202,Urinary Bladder,Any T Any N M1b IVB • Conventional urothelial carcinoma,tnm_stage,YES
Urethra,AJCC8,any,Tis,N0,M0,Any,Any,0is,source_page=205; extract_method=tnm_stage,205,Urethra,Tis N0 M0 0is,tnm_stage,check
Urethra,AJCC8,any,Ta,N0,M0,Any,Any,0is,source_page=205; extract_method=stage_carried; extra_factors/raw_extra=0a,205,Urethra,Ta N0 M0 0a,stage_carried,YES
Urethra,AJCC8,any,Ta,N0,M0,Any,Any,0a,source_page=205; extract_method=tnm_stage,205,Urethra,Ta N0 M0 0a,tnm_stage,check
Urethra,AJCC8,any,T1,N0,M0,Any,Any,0a,source_page=205; extract_method=stage_carried; extra_factors/raw_extra=I,205,Urethra,T1 N0 M0 I,stage_carried,YES
Urethra,AJCC8,any,T1,N0,M0,Any,Any,I,source_page=205; extract_method=tnm_stage,205,Urethra,T1 N0 M0 I,tnm_stage,check
Urethra,AJCC8,any,T1,N1,M0,Any,Any,I,source_page=205; extract_method=stage_carried; extra_factors/raw_extra=III,205,Urethra,T1 N1 M0 III,stage_carried,YES
Urethra,AJCC8,any,T1,N1,M0,Any,Any,III,source_page=205; extract_method=tnm_stage,205,Urethra,T1 N1 M0 III,tnm_stage,check
Urethra,AJCC8,any,T2,N0,M0,Any,Any,III,source_page=205; extract_method=stage_carried; extra_factors/raw_extra=II,205,Urethra,T2 N0 M0 II,stage_carried,YES
Urethra,AJCC8,any,T2,N0,M0,Any,Any,II,source_page=205; extract_method=tnm_stage,205,Urethra,T2 N0 M0 II,tnm_stage,check
Urethra,AJCC8,any,T2,N1,M0,Any,Any,II,source_page=205; extract_method=stage_carried; extra_factors/raw_extra=III,205,Urethra,T2 N1 M0 III,stage_carried,YES
Urethra,AJCC8,any,T2,N1,M0,Any,Any,III,source_page=205; extract_method=tnm_stage,205,Urethra,T2 N1 M0 III,tnm_stage,check
Urethra,AJCC8,any,Any,Any,M1,Any,Any,III,source_page=205; extract_method=stage_carried; extra_factors/raw_extra=IV,205,Urethra,Any T Any N M1 IV,stage_carried,YES
Urethra,AJCC8,any,Any,Any,M1,Any,Any,IV,source_page=205; extract_method=tnm_stage,205,Urethra,Any T Any N M1 IV,tnm_stage,check
Eyelid Carcinoma,AJCC8,yp,Tis,N0,M0,Any,Any,0,source_page=207; extract_method=tnm_stage; extra_factors/raw_extra=Primary eccrine adenocarcinoma,207,Eyelid Carcinoma,Tis N0 M0 0 Primary eccrine adenocarcinoma,tnm_stage,YES
Eyelid Carcinoma,AJCC8,yp,T1,N0,M0,Any,Any,0,source_page=207; extract_method=stage_carried; extra_factors/raw_extra=IA | Microcystic adnexal carcinoma (sclerosing sweat duct,207,Eyelid Carcinoma,T1 N0 M0 IA Microcystic adnexal carcinoma (sclerosing sweat duct,stage_carried,YES
Eyelid Carcinoma,AJCC8,yp,T1,N0,M0,Any,Any,IA,source_page=207; extract_method=tnm_stage; extra_factors/raw_extra=Microcystic adnexal carcinoma (sclerosing sweat duct,207,Eyelid Carcinoma,T1 N0 M0 IA Microcystic adnexal carcinoma (sclerosing sweat duct,tnm_stage,YES
Eyelid Carcinoma,AJCC8,yp,T2a,N0,M0,Any,Any,IA,source_page=207; extract_method=stage_carried; extra_factors/raw_extra=IB | adenocarcinoma),207,Eyelid Carcinoma,T2a N0 M0 IB adenocarcinoma),stage_carried,YES
Eyelid Carcinoma,AJCC8,yp,T2a,N0,M0,Any,Any,IB,source_page=207; extract_method=tnm_stage; extra_factors/raw_extra=adenocarcinoma),207,Eyelid Carcinoma,T2a N0 M0 IB adenocarcinoma),tnm_stage,YES
Uveal Melanoma,AJCC8,yp,T1a,N0,M0,Any,Any,I,"source_page=216; extract_method=tnm_stage; extra_factors/raw_extra=spindle, i.e. epithelioid cells detected) and contrast them with grade 1",216,Uveal Melanoma,"T1a N0 M0 I spindle, i.e. epithelioid cells detected) and contrast them with grade 1",tnm_stage,YES
Uveal Melanoma,AJCC8,any,T1b-d,N0,M0,Any,Any,I,source_page=216; extract_method=stage_carried; extra_factors/raw_extra=IIA,216,Uveal Melanoma,T1b-d N0 M0 IIA,stage_carried,YES
Uveal Melanoma,AJCC8,any,T1b-d,N0,M0,Any,Any,IIA,source_page=216; extract_method=tnm_stage,216,Uveal Melanoma,T1b-d N0 M0 IIA,tnm_stage,check
Uveal Melanoma,AJCC8,any,T2a,N0,M0,Any,Any,IIA,source_page=216; extract_method=stage_carried; extra_factors/raw_extra=IIA; duplicate_source_page=216,216,Uveal Melanoma,T2a N0 M0 IIA,stage_carried,YES
Uveal Melanoma,AJCC8,any,T2b,N0,M0,Any,Any,IIA,source_page=216; extract_method=stage_carried; extra_factors/raw_extra=IIB,216,Uveal Melanoma,T2b N0 M0 IIB,stage_carried,YES
Uveal Melanoma,AJCC8,any,T2b,N0,M0,Any,Any,IIB,source_page=216; extract_method=tnm_stage,216,Uveal Melanoma,T2b N0 M0 IIB,tnm_stage,check
Uveal Melanoma,AJCC8,yp,T3a,N0,M0,Any,Any,IIB,source_page=216; extract_method=stage_carried; extra_factors/raw_extra=IIB | HISTOPATHOLOGIC TYPE; duplicate_source_page=216,216,Uveal Melanoma,T3a N0 M0 IIB HISTOPATHOLOGIC TYPE,stage_carried,YES
Uveal Melanoma,AJCC8,yp,T2c-d,N0,M0,Any,Any,IIB,source_page=216; extract_method=stage_carried; extra_factors/raw_extra=IIIA,216,Uveal Melanoma,T2c-d N0 M0 IIIA,stage_carried,YES
Uveal Melanoma,AJCC8,yp,T2c-d,N0,M0,Any,Any,IIIA,source_page=216; extract_method=tnm_stage,216,Uveal Melanoma,T2c-d N0 M0 IIIA,tnm_stage,check
Uveal Melanoma,AJCC8,yp,T3b|T3c,N0,M0,Any,Any,IIIA,source_page=216; extract_method=stage_carried; extra_factors/raw_extra=IIIA | Mixed epithelioid and spindle cell melanoma; duplicate_source_page=216,216,Uveal Melanoma,T3b-c N0 M0 IIIA Mixed epithelioid and spindle cell melanoma,stage_carried,YES
Uveal Melanoma,AJCC8,yp,T4a,N0,M0,Any,Any,IIIA,source_page=216; extract_method=stage_carried; extra_factors/raw_extra=IIIA | Epithelioid cell melanoma; duplicate_source_page=216,216,Uveal Melanoma,T4a N0 M0 IIIA Epithelioid cell melanoma,stage_carried,YES
Uveal Melanoma,AJCC8,yp,T3d,N0,M0,Any,Any,IIIA,source_page=216; extract_method=stage_carried; extra_factors/raw_extra=IIIB | Spindle cell melanoma,216,Uveal Melanoma,T3d N0 M0 IIIB Spindle cell melanoma,stage_carried,YES
Uveal Melanoma,AJCC8,yp,T3d,N0,M0,Any,Any,IIIB,source_page=216; extract_method=tnm_stage; extra_factors/raw_extra=Spindle cell melanoma,216,Uveal Melanoma,T3d N0 M0 IIIB Spindle cell melanoma,tnm_stage,YES
Uveal Melanoma,AJCC8,yp,T4b|T4c,N0,M0,Any,Any,IIIB,"source_page=216; extract_method=stage_carried; extra_factors/raw_extra=IIIB | Spindle cell melanoma, type A; duplicate_source_page=216",216,Uveal Melanoma,"T4b-c N0 M0 IIIB Spindle cell melanoma, type A",stage_carried,YES
Uveal Melanoma,AJCC8,yp,T4d-e,N0,M0,Any,Any,IIIB,"source_page=216; extract_method=stage_carried; extra_factors/raw_extra=IIIC | Spindle cell melanoma, type B",216,Uveal Melanoma,"T4d-e N0 M0 IIIC Spindle cell melanoma, type B",stage_carried,YES
Uveal Melanoma,AJCC8,yp,T4d-e,N0,M0,Any,Any,IIIC,"source_page=216; extract_method=tnm_stage; extra_factors/raw_extra=Spindle cell melanoma, type B",216,Uveal Melanoma,"T4d-e N0 M0 IIIC Spindle cell melanoma, type B",tnm_stage,YES
Uveal Melanoma,AJCC8,yp,Any,N1,M0,Any,Any,IIIC,source_page=216; extract_method=stage_carried; extra_factors/raw_extra=IV,216,Uveal Melanoma,Any T N1 M0 IV,stage_carried,YES
Uveal Melanoma,AJCC8,yp,Any,N1,M0,Any,Any,IV,source_page=216; extract_method=tnm_stage,216,Uveal Melanoma,Any T N1 M0 IV,tnm_stage,check
Uveal Melanoma,AJCC8,yp,Any,Any,M1a|M1b|M1c,Any,Any,IV,source_page=216; extract_method=stage_carried; extra_factors/raw_extra=IV; duplicate_source_page=216,216,Uveal Melanoma,Any T Any N M1a-c IV,stage_carried,YES
Retinoblastoma,AJCC8,clinical,T4a,N0,M0,Any,Any,II,source_page=220; extract_method=tnm_grade_stage; extra_factors/raw_extra=Any H | This classification applies only to retinoblastoma. The cen-,220,Retinoblastoma,cT4a cN0 cM0 Any H II This classification applies only to retinoblastoma. The cen-,tnm_grade_stage,YES
Retinoblastoma,AJCC8,clinical,T4b,N0,M0,Any,Any,II,source_page=220; extract_method=stage_carried; extra_factors/raw_extra=Any H | III | tral nervous system component of “trilateral retinoblastoma”,220,Retinoblastoma,cT4b cN0 cM0 Any H III tral nervous system component of “trilateral retinoblastoma”,stage_carried,YES
Retinoblastoma,AJCC8,clinical,T4b,N0,M0,Any,Any,III,source_page=220; extract_method=tnm_grade_stage; extra_factors/raw_extra=Any H | tral nervous system component of “trilateral retinoblastoma”,220,Retinoblastoma,cT4b cN0 cM0 Any H III tral nervous system component of “trilateral retinoblastoma”,tnm_grade_stage,YES
Retinoblastoma,AJCC8,clinical,Any,N1,M0,Any,Any,III,"source_page=220; extract_method=stage_carried; extra_factors/raw_extra=Any H | III | would be required in addition to this staging, using the sec-; duplicate_source_page=220",220,Retinoblastoma,"Any T cN1 cM0 Any H III would be required in addition to this staging, using the sec-",stage_carried,YES
Retinoblastoma,AJCC8,clinical,Any,Any,M1|M1AnyH,Any,Any,III,source_page=220; extract_method=stage_carried; extra_factors/raw_extra=IV | tion pertinent to brain and spinal cord tumors (Chap. 72).,220,Retinoblastoma,Any T Any N cM1 or pM1 Any H IV tion pertinent to brain and spinal cord tumors (Chap. 72).,stage_carried,YES
Retinoblastoma,AJCC8,clinical,Any,Any,M1|M1AnyH,Any,Any,IV,source_page=220; extract_method=tnm_stage; extra_factors/raw_extra=tion pertinent to brain and spinal cord tumors (Chap. 72).,220,Retinoblastoma,Any T Any N cM1 or pM1 Any H IV tion pertinent to brain and spinal cord tumors (Chap. 72).,tnm_stage,YES
Thyroid - Differentiated and Anaplastic Carcinoma,AJCC8,yp,T1-T3a,N0|NX,M0,Any,Any,IVA,source_page=235; extract_method=tnm_stage; extra_factors/raw_extra=Hürthle cell carcinoma,235,Thyroid - Differentiated and Anaplastic Carcinoma,T1-T3a N0/NX M0 IVA Hürthle cell carcinoma,tnm_stage,YES
Thyroid - Differentiated and Anaplastic Carcinoma,AJCC8,yp,T1-T3a,N1,M0,Any,Any,IVA,source_page=235; extract_method=stage_carried; extra_factors/raw_extra=IVB,235,Thyroid - Differentiated and Anaplastic Carcinoma,T1-T3a N1 M0 IVB,stage_carried,YES
Thyroid - Differentiated and Anaplastic Carcinoma,AJCC8,yp,T1-T3a,N1,M0,Any,Any,IVB,source_page=235; extract_method=tnm_stage,235,Thyroid - Differentiated and Anaplastic Carcinoma,T1-T3a N1 M0 IVB,tnm_stage,check
Thyroid - Differentiated and Anaplastic Carcinoma,AJCC8,yp,T3b,Any,M0,Any,Any,IVB,source_page=235; extract_method=stage_carried; extra_factors/raw_extra=IVB; duplicate_source_page=235,235,Thyroid - Differentiated and Anaplastic Carcinoma,T3b Any N M0 IVB,stage_carried,YES
Thyroid - Differentiated and Anaplastic Carcinoma,AJCC8,yp,T4,Any,M0,Any,Any,IVB,source_page=235; extract_method=stage_carried; extra_factors/raw_extra=IVB; duplicate_source_page=235,235,Thyroid - Differentiated and Anaplastic Carcinoma,T4 Any N M0 IVB,stage_carried,YES
Thyroid - Differentiated and Anaplastic Carcinoma,AJCC8,yp,Any,Any,M1,Any,Any,IVB,source_page=235; extract_method=stage_carried; extra_factors/raw_extra=IVC,235,Thyroid - Differentiated and Anaplastic Carcinoma,Any T Any N M1 IVC,stage_carried,YES
Thyroid - Differentiated and Anaplastic Carcinoma,AJCC8,yp,Any,Any,M1,Any,Any,IVC,source_page=235; extract_method=tnm_stage,235,Thyroid - Differentiated and Anaplastic Carcinoma,Any T Any N M1 IVC,tnm_stage,check
Thyroid - Medullary,AJCC8,any,tothethyroid,AnyT,AnyN,Any,Any,IVC,source_page=239; extract_method=tnm_extra_stage; extra_factors/raw_extra=M1; duplicate_source_page=239,239,Thyroid - Medullary,to the thyroid Any T Any N M1 IVC,tnm_extra_stage,YES
Primary Cutaneous Lymphomas,AJCC8,yp,T1,N0,M0,Any,Any,IA,"source_page=253; extract_method=tnm_grade_stage; extra_factors/raw_extra=B0,1 | or involvement of any lymph node region that does",253,Primary Cutaneous Lymphomas,"T1 N0 M0 B0,1 IA or involvement of any lymph node region that does",tnm_grade_stage,YES
Primary Cutaneous Lymphomas,AJCC8,yp,T2,N0,M0,Any,Any,IA,"source_page=253; extract_method=stage_carried; extra_factors/raw_extra=B0,1 | IB | not drain an area of current or prior skin involvement",253,Primary Cutaneous Lymphomas,"T2 N0 M0 B0,1 IB not drain an area of current or prior skin involvement",stage_carried,YES
Primary Cutaneous Lymphomas,AJCC8,yp,T2,N0,M0,Any,Any,IB,"source_page=253; extract_method=tnm_grade_stage; extra_factors/raw_extra=B0,1 | not drain an area of current or prior skin involvement",253,Primary Cutaneous Lymphomas,"T2 N0 M0 B0,1 IB not drain an area of current or prior skin involvement",tnm_grade_stage,YES
