site,display_label,alias
Esophagus / EGJ - squamous,Esophageal / EGJ squamous cell carcinoma (ESCC) / 食道鱗狀細胞癌,Esophagus / EGJ - squamous
Esophagus / EGJ - squamous,Esophageal / EGJ squamous cell carcinoma (ESCC) / 食道鱗狀細胞癌,Esophageal / EGJ squamous cell carcinoma (ESCC) / 食道鱗狀細胞癌
Esophagus / EGJ - squamous,Esophageal / EGJ squamous cell carcinoma (ESCC) / 食道鱗狀細胞癌,ESCC
Esophagus / EGJ - squamous,Esophageal / EGJ squamous cell carcinoma (ESCC) / 食道鱗狀細胞癌,esophageal squamous cell carcinoma
Esophagus / EGJ - squamous,Esophageal / EGJ squamous cell carcinoma (ESCC) / 食道鱗狀細胞癌,squamous esophageal cancer
Esophagus / EGJ - squamous,Esophageal / EGJ squamous cell carcinoma (ESCC) / 食道鱗狀細胞癌,esophagus SCC
Esophagus / EGJ - squamous,Esophageal / EGJ squamous cell carcinoma (ESCC) / 食道鱗狀細胞癌,食道癌
Esophagus / EGJ - squamous,Esophageal / EGJ squamous cell carcinoma (ESCC) / 食道鱗狀細胞癌,食道鱗癌
Esophagus / EGJ - squamous,Esophageal / EGJ squamous cell carcinoma (ESCC) / 食道鱗狀細胞癌,食道鱗狀細胞癌
Esophagus / EGJ - squamous,Esophageal / EGJ squamous cell carcinoma (ESCC) / 食道鱗狀細胞癌,上消化道鱗癌
Esophagus / EGJ - squamous,Esophageal / EGJ squamous cell carcinoma (ESCC) / 食道鱗狀細胞癌,Esophagus and Esophagogastric Junction: Squamous Cell Carcinoma
Esophagus / EGJ - adenocarcinoma,Esophageal / EGJ adenocarcinoma (EAC) / 食道胃食道交界腺癌,Esophagus / EGJ - adenocarcinoma
Esophagus / EGJ - adenocarcinoma,Esophageal / EGJ adenocarcinoma (EAC) / 食道胃食道交界腺癌,Esophageal / EGJ adenocarcinoma (EAC) / 食道胃食道交界腺癌
Esophagus / EGJ - adenocarcinoma,Esophageal / EGJ adenocarcinoma (EAC) / 食道胃食道交界腺癌,EAC
Esophagus / EGJ - adenocarcinoma,Esophageal / EGJ adenocarcinoma (EAC) / 食道胃食道交界腺癌,GEJ adenocarcinoma
Esophagus / EGJ - adenocarcinoma,Esophageal / EGJ adenocarcinoma (EAC) / 食道胃食道交界腺癌,gastroesophageal junction adenocarcinoma
Esophagus / EGJ - adenocarcinoma,Esophageal / EGJ adenocarcinoma (EAC) / 食道胃食道交界腺癌,esophageal adenocarcinoma
Esophagus / EGJ - adenocarcinoma,Esophageal / EGJ adenocarcinoma (EAC) / 食道胃食道交界腺癌,EGJ cancer
Esophagus / EGJ - adenocarcinoma,Esophageal / EGJ adenocarcinoma (EAC) / 食道胃食道交界腺癌,食道腺癌
Esophagus / EGJ - adenocarcinoma,Esophageal / EGJ adenocarcinoma (EAC) / 食道胃食道交界腺癌,胃食道交界癌
Esophagus / EGJ - adenocarcinoma,Esophageal / EGJ adenocarcinoma (EAC) / 食道胃食道交界腺癌,GEJ癌
Esophagus / EGJ - adenocarcinoma,Esophageal / EGJ adenocarcinoma (EAC) / 食道胃食道交界腺癌,Esophagus and Esophagogastric Junction: Adenocarcinoma
Stomach,Gastric adenocarcinoma / Stomach / 胃癌,Stomach
Stomach,Gastric adenocarcinoma / Stomach / 胃癌,Gastric adenocarcinoma / Stomach / 胃癌
Stomach,Gastric adenocarcinoma / Stomach / 胃癌,gastric cancer
Stomach,Gastric adenocarcinoma / Stomach / 胃癌,gastric adenocarcinoma
Stomach,Gastric adenocarcinoma / Stomach / 胃癌,stomach cancer
Stomach,Gastric adenocarcinoma / Stomach / 胃癌,胃癌
Stomach,Gastric adenocarcinoma / Stomach / 胃癌,胃腺癌
Stomach,Gastric adenocarcinoma / Stomach / 胃癌,Stomach
Small intestine,Small intestinal adenocarcinoma / 小腸腺癌,Small intestine
Small intestine,Small intestinal adenocarcinoma / 小腸腺癌,Small intestinal adenocarcinoma / 小腸腺癌
Small intestine,Small intestinal adenocarcinoma / 小腸腺癌,small bowel cancer
Small intestine,Small intestinal adenocarcinoma / 小腸腺癌,small intestinal adenocarcinoma
Small intestine,Small intestinal adenocarcinoma / 小腸腺癌,duodenal adenocarcinoma
Small intestine,Small intestinal adenocarcinoma / 小腸腺癌,jejunum adenocarcinoma
Small intestine,Small intestinal adenocarcinoma / 小腸腺癌,ileum adenocarcinoma
Small intestine,Small intestinal adenocarcinoma / 小腸腺癌,小腸癌
Small intestine,Small intestinal adenocarcinoma / 小腸腺癌,小腸腺癌
Small intestine,Small intestinal adenocarcinoma / 小腸腺癌,十二指腸腺癌
Small intestine,Small intestinal adenocarcinoma / 小腸腺癌,Small Intestine: Adenocarcinoma
Colon,Colon adenocarcinoma / 結腸癌,Colon
Colon,Colon adenocarcinoma / 結腸癌,Colon adenocarcinoma / 結腸癌
Colon,Colon adenocarcinoma / 結腸癌,colon cancer
Colon,Colon adenocarcinoma / 結腸癌,colonic adenocarcinoma
Colon,Colon adenocarcinoma / 結腸癌,CRC colon
Colon,Colon adenocarcinoma / 結腸癌,結腸癌
Colon,Colon adenocarcinoma / 結腸癌,大腸癌
Colon,Colon adenocarcinoma / 結腸癌,結腸腺癌
Colon,Colon adenocarcinoma / 結腸癌,Colon and Rectum
Rectum,Rectal adenocarcinoma / 直腸癌,Rectum
Rectum,Rectal adenocarcinoma / 直腸癌,Rectal adenocarcinoma / 直腸癌
Rectum,Rectal adenocarcinoma / 直腸癌,rectal cancer
Rectum,Rectal adenocarcinoma / 直腸癌,rectal adenocarcinoma
Rectum,Rectal adenocarcinoma / 直腸癌,CRC rectum
Rectum,Rectal adenocarcinoma / 直腸癌,直腸癌
Rectum,Rectal adenocarcinoma / 直腸癌,直腸腺癌
Rectum,Rectal adenocarcinoma / 直腸癌,大腸癌
Rectum,Rectal adenocarcinoma / 直腸癌,Colon and Rectum
Appendix - carcinoma,Appendiceal carcinoma / appendix adenocarcinoma / 闌尾癌,Appendix - carcinoma
Appendix - carcinoma,Appendiceal carcinoma / appendix adenocarcinoma / 闌尾癌,Appendiceal carcinoma / appendix adenocarcinoma / 闌尾癌
Appendix - carcinoma,Appendiceal carcinoma / appendix adenocarcinoma / 闌尾癌,appendix cancer
Appendix - carcinoma,Appendiceal carcinoma / appendix adenocarcinoma / 闌尾癌,appendiceal adenocarcinoma
Appendix - carcinoma,Appendiceal carcinoma / appendix adenocarcinoma / 闌尾癌,appendiceal carcinoma
Appendix - carcinoma,Appendiceal carcinoma / appendix adenocarcinoma / 闌尾癌,LAMN
Appendix - carcinoma,Appendiceal carcinoma / appendix adenocarcinoma / 闌尾癌,mucinous appendix cancer
Appendix - carcinoma,Appendiceal carcinoma / appendix adenocarcinoma / 闌尾癌,闌尾癌
Appendix - carcinoma,Appendiceal carcinoma / appendix adenocarcinoma / 闌尾癌,闌尾腺癌
Appendix - carcinoma,Appendiceal carcinoma / appendix adenocarcinoma / 闌尾癌,黏液性闌尾腫瘤
Appendix - carcinoma,Appendiceal carcinoma / appendix adenocarcinoma / 闌尾癌,Appendix - Carcinoma
GIST,Gastrointestinal stromal tumor (GIST) / 胃腸道基質瘤,GIST
GIST,Gastrointestinal stromal tumor (GIST) / 胃腸道基質瘤,Gastrointestinal stromal tumor (GIST) / 胃腸道基質瘤
GIST,Gastrointestinal stromal tumor (GIST) / 胃腸道基質瘤,gastrointestinal stromal tumor
GIST,Gastrointestinal stromal tumor (GIST) / 胃腸道基質瘤,GI stromal tumor
GIST,Gastrointestinal stromal tumor (GIST) / 胃腸道基質瘤,胃腸道基質瘤
GIST,Gastrointestinal stromal tumor (GIST) / 胃腸道基質瘤,腸胃道基質瘤
GIST,Gastrointestinal stromal tumor (GIST) / 胃腸道基質瘤,基質瘤
GIST,Gastrointestinal stromal tumor (GIST) / 胃腸道基質瘤,Gastrointestinal Stromal Tumor: Gastric and Omental GIST
GIST,Gastrointestinal stromal tumor (GIST) / 胃腸道基質瘤,"Gastrointestinal Stromal Tumor: Small Intestinal, Esophageal, Colorectal, Mesenteric,"
HCC / Liver,Hepatocellular carcinoma (HCC) / Liver / 肝細胞癌,HCC / Liver
HCC / Liver,Hepatocellular carcinoma (HCC) / Liver / 肝細胞癌,Hepatocellular carcinoma (HCC) / Liver / 肝細胞癌
HCC / Liver,Hepatocellular carcinoma (HCC) / Liver / 肝細胞癌,HCC
HCC / Liver,Hepatocellular carcinoma (HCC) / Liver / 肝細胞癌,hepatocellular carcinoma
HCC / Liver,Hepatocellular carcinoma (HCC) / Liver / 肝細胞癌,liver cancer
HCC / Liver,Hepatocellular carcinoma (HCC) / Liver / 肝細胞癌,primary liver cancer
HCC / Liver,Hepatocellular carcinoma (HCC) / Liver / 肝細胞癌,肝癌
HCC / Liver,Hepatocellular carcinoma (HCC) / Liver / 肝細胞癌,肝細胞癌
HCC / Liver,Hepatocellular carcinoma (HCC) / Liver / 肝細胞癌,原發性肝癌
HCC / Liver,Hepatocellular carcinoma (HCC) / Liver / 肝細胞癌,Liver
Intrahepatic bile duct,Intrahepatic cholangiocarcinoma / 肝內膽管癌,Intrahepatic bile duct
Intrahepatic bile duct,Intrahepatic cholangiocarcinoma / 肝內膽管癌,Intrahepatic cholangiocarcinoma / 肝內膽管癌
Intrahepatic bile duct,Intrahepatic cholangiocarcinoma / 肝內膽管癌,intrahepatic cholangiocarcinoma
Intrahepatic bile duct,Intrahepatic cholangiocarcinoma / 肝內膽管癌,iCCA
Intrahepatic bile duct,Intrahepatic cholangiocarcinoma / 肝內膽管癌,ICC
Intrahepatic bile duct,Intrahepatic cholangiocarcinoma / 肝內膽管癌,intrahepatic bile duct cancer
Intrahepatic bile duct,Intrahepatic cholangiocarcinoma / 肝內膽管癌,cholangiocarcinoma intrahepatic
Intrahepatic bile duct,Intrahepatic cholangiocarcinoma / 肝內膽管癌,肝內膽管癌
Intrahepatic bile duct,Intrahepatic cholangiocarcinoma / 肝內膽管癌,肝內膽管細胞癌
Intrahepatic bile duct,Intrahepatic cholangiocarcinoma / 肝內膽管癌,膽管癌
Intrahepatic bile duct,Intrahepatic cholangiocarcinoma / 肝內膽管癌,Intrahepatic Bile Duct
Perihilar bile duct,Perihilar cholangiocarcinoma / 肝門膽管癌,Perihilar bile duct
Perihilar bile duct,Perihilar cholangiocarcinoma / 肝門膽管癌,Perihilar cholangiocarcinoma / 肝門膽管癌
Perihilar bile duct,Perihilar cholangiocarcinoma / 肝門膽管癌,perihilar cholangiocarcinoma
Perihilar bile duct,Perihilar cholangiocarcinoma / 肝門膽管癌,hilar cholangiocarcinoma
Perihilar bile duct,Perihilar cholangiocarcinoma / 肝門膽管癌,Klatskin tumor
Perihilar bile duct,Perihilar cholangiocarcinoma / 肝門膽管癌,pCCA
Perihilar bile duct,Perihilar cholangiocarcinoma / 肝門膽管癌,肝門膽管癌
Perihilar bile duct,Perihilar cholangiocarcinoma / 肝門膽管癌,肝門部膽管癌
Perihilar bile duct,Perihilar cholangiocarcinoma / 肝門膽管癌,克拉斯金腫瘤
Perihilar bile duct,Perihilar cholangiocarcinoma / 肝門膽管癌,膽管癌
Perihilar bile duct,Perihilar cholangiocarcinoma / 肝門膽管癌,Perihilar Bile Ducts
Distal bile duct,Distal bile duct cholangiocarcinoma / 遠端膽管癌,Distal bile duct
Distal bile duct,Distal bile duct cholangiocarcinoma / 遠端膽管癌,Distal bile duct cholangiocarcinoma / 遠端膽管癌
Distal bile duct,Distal bile duct cholangiocarcinoma / 遠端膽管癌,distal cholangiocarcinoma
Distal bile duct,Distal bile duct cholangiocarcinoma / 遠端膽管癌,distal bile duct cancer
Distal bile duct,Distal bile duct cholangiocarcinoma / 遠端膽管癌,dCCA
Distal bile duct,Distal bile duct cholangiocarcinoma / 遠端膽管癌,遠端膽管癌
Distal bile duct,Distal bile duct cholangiocarcinoma / 遠端膽管癌,下段膽管癌
Distal bile duct,Distal bile duct cholangiocarcinoma / 遠端膽管癌,膽管癌
Distal bile duct,Distal bile duct cholangiocarcinoma / 遠端膽管癌,Distal Bile Duct
Gallbladder,Gallbladder carcinoma / 膽囊癌,Gallbladder
Gallbladder,Gallbladder carcinoma / 膽囊癌,Gallbladder carcinoma / 膽囊癌
Gallbladder,Gallbladder carcinoma / 膽囊癌,gallbladder cancer
Gallbladder,Gallbladder carcinoma / 膽囊癌,gall bladder carcinoma
Gallbladder,Gallbladder carcinoma / 膽囊癌,GBC
Gallbladder,Gallbladder carcinoma / 膽囊癌,膽囊癌
Gallbladder,Gallbladder carcinoma / 膽囊癌,膽囊腺癌
Gallbladder,Gallbladder carcinoma / 膽囊癌,Gallbladder
Ampulla of Vater,Ampulla of Vater carcinoma / 壺腹癌,Ampulla of Vater
Ampulla of Vater,Ampulla of Vater carcinoma / 壺腹癌,Ampulla of Vater carcinoma / 壺腹癌
Ampulla of Vater,Ampulla of Vater carcinoma / 壺腹癌,ampullary cancer
Ampulla of Vater,Ampulla of Vater carcinoma / 壺腹癌,ampullary carcinoma
Ampulla of Vater,Ampulla of Vater carcinoma / 壺腹癌,ampulla cancer
Ampulla of Vater,Ampulla of Vater carcinoma / 壺腹癌,ampulla of vater cancer
Ampulla of Vater,Ampulla of Vater carcinoma / 壺腹癌,壺腹癌
Ampulla of Vater,Ampulla of Vater carcinoma / 壺腹癌,十二指腸壺腹癌
Ampulla of Vater,Ampulla of Vater carcinoma / 壺腹癌,乏特氏壺腹癌
Ampulla of Vater,Ampulla of Vater carcinoma / 壺腹癌,Ampulla of Vater
Exocrine pancreas,Pancreatic adenocarcinoma / Exocrine pancreas / 胰臟腺癌,Exocrine pancreas
Exocrine pancreas,Pancreatic adenocarcinoma / Exocrine pancreas / 胰臟腺癌,Pancreatic adenocarcinoma / Exocrine pancreas / 胰臟腺癌
Exocrine pancreas,Pancreatic adenocarcinoma / Exocrine pancreas / 胰臟腺癌,pancreatic adenocarcinoma
Exocrine pancreas,Pancreatic adenocarcinoma / Exocrine pancreas / 胰臟腺癌,pancreas adenocarcinoma
Exocrine pancreas,Pancreatic adenocarcinoma / Exocrine pancreas / 胰臟腺癌,pancreatic ductal adenocarcinoma
Exocrine pancreas,Pancreatic adenocarcinoma / Exocrine pancreas / 胰臟腺癌,PDAC
Exocrine pancreas,Pancreatic adenocarcinoma / Exocrine pancreas / 胰臟腺癌,pancreatic cancer
Exocrine pancreas,Pancreatic adenocarcinoma / Exocrine pancreas / 胰臟腺癌,pancreas cancer
Exocrine pancreas,Pancreatic adenocarcinoma / Exocrine pancreas / 胰臟腺癌,exocrine pancreatic cancer
Exocrine pancreas,Pancreatic adenocarcinoma / Exocrine pancreas / 胰臟腺癌,PANCREATIC ADENOCARCINOMA
Exocrine pancreas,Pancreatic adenocarcinoma / Exocrine pancreas / 胰臟腺癌,PANCRATIC ADENOCARCINOMA
Exocrine pancreas,Pancreatic adenocarcinoma / Exocrine pancreas / 胰臟腺癌,pancratic
Exocrine pancreas,Pancreatic adenocarcinoma / Exocrine pancreas / 胰臟腺癌,胰臟癌
Exocrine pancreas,Pancreatic adenocarcinoma / Exocrine pancreas / 胰臟腺癌,胰臟腺癌
Exocrine pancreas,Pancreatic adenocarcinoma / Exocrine pancreas / 胰臟腺癌,胰腺癌
Exocrine pancreas,Pancreatic adenocarcinoma / Exocrine pancreas / 胰臟腺癌,胰管腺癌
Exocrine pancreas,Pancreatic adenocarcinoma / Exocrine pancreas / 胰臟腺癌,Exocrine Pancreas
NET - stomach,Gastric NET / stomach neuroendocrine tumor / 胃神經內分泌瘤,NET - stomach
NET - stomach,Gastric NET / stomach neuroendocrine tumor / 胃神經內分泌瘤,Gastric NET / stomach neuroendocrine tumor / 胃神經內分泌瘤
NET - stomach,Gastric NET / stomach neuroendocrine tumor / 胃神經內分泌瘤,gastric NET
NET - stomach,Gastric NET / stomach neuroendocrine tumor / 胃神經內分泌瘤,stomach NET
NET - stomach,Gastric NET / stomach neuroendocrine tumor / 胃神經內分泌瘤,gastric neuroendocrine tumor
NET - stomach,Gastric NET / stomach neuroendocrine tumor / 胃神經內分泌瘤,胃NET
NET - stomach,Gastric NET / stomach neuroendocrine tumor / 胃神經內分泌瘤,胃神經內分泌瘤
NET - stomach,Gastric NET / stomach neuroendocrine tumor / 胃神經內分泌瘤,Neuroendocrine Tumors of the Stomach
NET - duodenum / ampulla,Duodenal / ampullary NET / 十二指腸壺腹神經內分泌瘤,NET - duodenum / ampulla
NET - duodenum / ampulla,Duodenal / ampullary NET / 十二指腸壺腹神經內分泌瘤,Duodenal / ampullary NET / 十二指腸壺腹神經內分泌瘤
NET - duodenum / ampulla,Duodenal / ampullary NET / 十二指腸壺腹神經內分泌瘤,duodenal NET
NET - duodenum / ampulla,Duodenal / ampullary NET / 十二指腸壺腹神經內分泌瘤,ampullary NET
NET - duodenum / ampulla,Duodenal / ampullary NET / 十二指腸壺腹神經內分泌瘤,duodenum neuroendocrine tumor
NET - duodenum / ampulla,Duodenal / ampullary NET / 十二指腸壺腹神經內分泌瘤,十二指腸NET
NET - duodenum / ampulla,Duodenal / ampullary NET / 十二指腸壺腹神經內分泌瘤,壺腹NET
NET - duodenum / ampulla,Duodenal / ampullary NET / 十二指腸壺腹神經內分泌瘤,十二指腸神經內分泌瘤
NET - duodenum / ampulla,Duodenal / ampullary NET / 十二指腸壺腹神經內分泌瘤,Neuroendocrine Tumors of the Duodenum and Ampulla of Vater
NET - jejunum / ileum,Jejunal / ileal NET / 空腸迴腸神經內分泌瘤,NET - jejunum / ileum
NET - jejunum / ileum,Jejunal / ileal NET / 空腸迴腸神經內分泌瘤,Jejunal / ileal NET / 空腸迴腸神經內分泌瘤
NET - jejunum / ileum,Jejunal / ileal NET / 空腸迴腸神經內分泌瘤,small bowel NET
NET - jejunum / ileum,Jejunal / ileal NET / 空腸迴腸神經內分泌瘤,jejunal NET
NET - jejunum / ileum,Jejunal / ileal NET / 空腸迴腸神經內分泌瘤,ileal NET
NET - jejunum / ileum,Jejunal / ileal NET / 空腸迴腸神經內分泌瘤,midgut NET
NET - jejunum / ileum,Jejunal / ileal NET / 空腸迴腸神經內分泌瘤,空腸NET
NET - jejunum / ileum,Jejunal / ileal NET / 空腸迴腸神經內分泌瘤,迴腸NET
NET - jejunum / ileum,Jejunal / ileal NET / 空腸迴腸神經內分泌瘤,小腸NET
NET - jejunum / ileum,Jejunal / ileal NET / 空腸迴腸神經內分泌瘤,Neuroendocrine Tumors of the Jejunum and Ileum
NET - appendix,Appendiceal NET / 闌尾神經內分泌瘤,NET - appendix
NET - appendix,Appendiceal NET / 闌尾神經內分泌瘤,Appendiceal NET / 闌尾神經內分泌瘤
NET - appendix,Appendiceal NET / 闌尾神經內分泌瘤,appendiceal NET
NET - appendix,Appendiceal NET / 闌尾神經內分泌瘤,appendix NET
NET - appendix,Appendiceal NET / 闌尾神經內分泌瘤,闌尾NET
NET - appendix,Appendiceal NET / 闌尾神經內分泌瘤,闌尾神經內分泌瘤
NET - appendix,Appendiceal NET / 闌尾神經內分泌瘤,Neuroendocrine Tumors of the Appendix
NET - colon / rectum,Colorectal NET / 結直腸神經內分泌瘤,NET - colon / rectum
NET - colon / rectum,Colorectal NET / 結直腸神經內分泌瘤,Colorectal NET / 結直腸神經內分泌瘤
NET - colon / rectum,Colorectal NET / 結直腸神經內分泌瘤,colorectal NET
NET - colon / rectum,Colorectal NET / 結直腸神經內分泌瘤,colon NET
NET - colon / rectum,Colorectal NET / 結直腸神經內分泌瘤,rectal NET
NET - colon / rectum,Colorectal NET / 結直腸神經內分泌瘤,結腸NET
NET - colon / rectum,Colorectal NET / 結直腸神經內分泌瘤,直腸NET
NET - colon / rectum,Colorectal NET / 結直腸神經內分泌瘤,結直腸神經內分泌瘤
NET - colon / rectum,Colorectal NET / 結直腸神經內分泌瘤,Neuroendocrine Tumors of the Colon and Rectum
NET - pancreas,Pancreatic NET / 胰臟神經內分泌瘤,NET - pancreas
NET - pancreas,Pancreatic NET / 胰臟神經內分泌瘤,Pancreatic NET / 胰臟神經內分泌瘤
NET - pancreas,Pancreatic NET / 胰臟神經內分泌瘤,pancreatic NET
NET - pancreas,Pancreatic NET / 胰臟神經內分泌瘤,pNET
NET - pancreas,Pancreatic NET / 胰臟神經內分泌瘤,pancreas neuroendocrine tumor
NET - pancreas,Pancreatic NET / 胰臟神經內分泌瘤,pancreatic neuroendocrine tumor
NET - pancreas,Pancreatic NET / 胰臟神經內分泌瘤,胰臟NET
NET - pancreas,Pancreatic NET / 胰臟神經內分泌瘤,胰臟神經內分泌瘤
NET - pancreas,Pancreatic NET / 胰臟神經內分泌瘤,胰腺NET
NET - pancreas,Pancreatic NET / 胰臟神經內分泌瘤,Neuroendocrine Tumors of the Pancreas
Cervical Lymph Nodes and Unknown Primary Tumors of the Head and Neck,Cervical Lymph Nodes and Unknown Primary Tumors of the Head and Neck,Cervical Lymph Nodes and Unknown Primary Tumors of the Head and Neck
Cervical Lymph Nodes and Unknown Primary Tumors of the Head and Neck,Cervical Lymph Nodes and Unknown Primary Tumors of the Head and Neck,Cervical Lymph Nodes and Unknown Primary Tumors of the Head and Neck
Cervical Lymph Nodes and Unknown Primary Tumors of the Head and Neck,Cervical Lymph Nodes and Unknown Primary Tumors of the Head and Neck,Cervical Lymph Nodes and Unknown Primary Tumors of the Head and Neck
Cervical Lymph Nodes and Unknown Primary Tumors of the Head and Neck,Cervical Lymph Nodes and Unknown Primary Tumors of the Head and Neck,頭頸部不明原發
Cervical Lymph Nodes and Unknown Primary Tumors of the Head and Neck,Cervical Lymph Nodes and Unknown Primary Tumors of the Head and Neck,頸部淋巴結不明原發
Cervical Lymph Nodes and Unknown Primary Tumors of the Head and Neck,Cervical Lymph Nodes and Unknown Primary Tumors of the Head and Neck,頭頸癌不明原發
Cervical Lymph Nodes and Unknown Primary Tumors of the Head and Neck,Cervical Lymph Nodes and Unknown Primary Tumors of the Head and Neck,unknown primary head neck
Oral Cavity,Oral Cavity,Oral Cavity
Oral Cavity,Oral Cavity,Oral Cavity
Oral Cavity,Oral Cavity,Oral Cavity
Oral Cavity,Oral Cavity,口腔癌
Oral Cavity,Oral Cavity,口腔
Oral Cavity,Oral Cavity,oral cancer
Oral Cavity,Oral Cavity,tongue cancer
Oral Cavity,Oral Cavity,舌癌
Oral Cavity,Oral Cavity,頰黏膜癌
Oral Cavity,Oral Cavity,牙齦癌
Oral Cavity,Oral Cavity,口底癌
Major Salivary Glands,Major Salivary Glands,Major Salivary Glands
Major Salivary Glands,Major Salivary Glands,Major Salivary Glands
Major Salivary Glands,Major Salivary Glands,Major Salivary Glands
Major Salivary Glands,Major Salivary Glands,唾液腺癌
Major Salivary Glands,Major Salivary Glands,腮腺癌
Major Salivary Glands,Major Salivary Glands,顎下腺癌
Major Salivary Glands,Major Salivary Glands,salivary gland cancer
Major Salivary Glands,Major Salivary Glands,parotid
Nasopharynx,Nasopharynx,Nasopharynx
Nasopharynx,Nasopharynx,Nasopharynx
Nasopharynx,Nasopharynx,Nasopharynx
Nasopharynx,Nasopharynx,鼻咽癌
Nasopharynx,Nasopharynx,NPC
Nasopharynx,Nasopharynx,nasopharyngeal carcinoma
HPV-Mediated (p16+) Oropharyngeal Cancer,HPV-Mediated (p16+) Oropharyngeal Cancer,HPV-Mediated (p16+) Oropharyngeal Cancer
HPV-Mediated (p16+) Oropharyngeal Cancer,HPV-Mediated (p16+) Oropharyngeal Cancer,HPV-Mediated (p16+) Oropharyngeal Cancer
HPV-Mediated (p16+) Oropharyngeal Cancer,HPV-Mediated (p16+) Oropharyngeal Cancer,HPV-Mediated (p16+) Oropharyngeal Cancer
HPV-Mediated (p16+) Oropharyngeal Cancer,HPV-Mediated (p16+) Oropharyngeal Cancer,HPV陽性口咽癌
HPV-Mediated (p16+) Oropharyngeal Cancer,HPV-Mediated (p16+) Oropharyngeal Cancer,p16 positive oropharynx
HPV-Mediated (p16+) Oropharyngeal Cancer,HPV-Mediated (p16+) Oropharyngeal Cancer,oropharynx HPV
HPV-Mediated (p16+) Oropharyngeal Cancer,HPV-Mediated (p16+) Oropharyngeal Cancer,扁桃腺癌
HPV-Mediated (p16+) Oropharyngeal Cancer,HPV-Mediated (p16+) Oropharyngeal Cancer,舌根癌
Oropharynx (p16-),Oropharynx (p16-),Oropharynx (p16-)
Oropharynx (p16-),Oropharynx (p16-),Oropharynx (p16-)
Oropharynx (p16-),Oropharynx (p16-),Oropharynx (p16-)
Oropharynx (p16-),Oropharynx (p16-),HPV陰性口咽癌
Oropharynx (p16-),Oropharynx (p16-),p16 negative oropharynx
Oropharynx (p16-),Oropharynx (p16-),oropharyngeal cancer
Oropharynx (p16-),Oropharynx (p16-),口咽癌
Hypopharynx,Hypopharynx,Hypopharynx
Hypopharynx,Hypopharynx,Hypopharynx
Hypopharynx,Hypopharynx,Hypopharynx
Hypopharynx,Hypopharynx,下咽癌
Hypopharynx,Hypopharynx,hypopharyngeal cancer
Maxillary Sinus,Maxillary Sinus,Maxillary Sinus
Maxillary Sinus,Maxillary Sinus,Maxillary Sinus
Maxillary Sinus,Maxillary Sinus,Maxillary Sinus
Maxillary Sinus,Maxillary Sinus,上頷竇癌
Maxillary Sinus,Maxillary Sinus,上顎竇癌
Maxillary Sinus,Maxillary Sinus,maxillary sinus cancer
Nasal Cavity and Ethmoid Sinus,Nasal Cavity and Ethmoid Sinus,Nasal Cavity and Ethmoid Sinus
Nasal Cavity and Ethmoid Sinus,Nasal Cavity and Ethmoid Sinus,Nasal Cavity and Ethmoid Sinus
Nasal Cavity and Ethmoid Sinus,Nasal Cavity and Ethmoid Sinus,Nasal Cavity and Ethmoid Sinus
Nasal Cavity and Ethmoid Sinus,Nasal Cavity and Ethmoid Sinus,鼻腔癌
Nasal Cavity and Ethmoid Sinus,Nasal Cavity and Ethmoid Sinus,篩竇癌
Nasal Cavity and Ethmoid Sinus,Nasal Cavity and Ethmoid Sinus,nasal cavity cancer
Nasal Cavity and Ethmoid Sinus,Nasal Cavity and Ethmoid Sinus,ethmoid sinus cancer
Larynx: Supraglottis,Larynx: Supraglottis,Larynx: Supraglottis
Larynx: Supraglottis,Larynx: Supraglottis,Larynx: Supraglottis
Larynx: Supraglottis,Larynx: Supraglottis,Larynx: Supraglottis
Larynx: Supraglottis,Larynx: Supraglottis,Supraglottis
Larynx: Supraglottis,Larynx: Supraglottis,喉癌
Larynx: Supraglottis,Larynx: Supraglottis,聲門上癌
Larynx: Supraglottis,Larynx: Supraglottis,supraglottic larynx
Larynx: Glottis,Larynx: Glottis,Larynx: Glottis
Larynx: Glottis,Larynx: Glottis,Larynx: Glottis
Larynx: Glottis,Larynx: Glottis,Larynx: Glottis
Larynx: Glottis,Larynx: Glottis,Glottis
Larynx: Glottis,Larynx: Glottis,喉癌
Larynx: Glottis,Larynx: Glottis,聲門癌
Larynx: Glottis,Larynx: Glottis,glottic cancer
Larynx: Subglottis,Larynx: Subglottis,Larynx: Subglottis
Larynx: Subglottis,Larynx: Subglottis,Larynx: Subglottis
Larynx: Subglottis,Larynx: Subglottis,Larynx: Subglottis
Larynx: Subglottis,Larynx: Subglottis,Subglottis
Larynx: Subglottis,Larynx: Subglottis,喉癌
Larynx: Subglottis,Larynx: Subglottis,聲門下癌
Larynx: Subglottis,Larynx: Subglottis,subglottic cancer
Mucosal Melanoma of the Head and Neck,Mucosal Melanoma of the Head and Neck,Mucosal Melanoma of the Head and Neck
Mucosal Melanoma of the Head and Neck,Mucosal Melanoma of the Head and Neck,Mucosal Melanoma of the Head and Neck
Mucosal Melanoma of the Head and Neck,Mucosal Melanoma of the Head and Neck,Mucosal Melanoma of the Head and Neck
Mucosal Melanoma of the Head and Neck,Mucosal Melanoma of the Head and Neck,頭頸黏膜黑色素瘤
Mucosal Melanoma of the Head and Neck,Mucosal Melanoma of the Head and Neck,mucosal melanoma head neck
Cutaneous Carcinoma of the Head and Neck,Cutaneous Carcinoma of the Head and Neck,Cutaneous Carcinoma of the Head and Neck
Cutaneous Carcinoma of the Head and Neck,Cutaneous Carcinoma of the Head and Neck,Cutaneous Carcinoma of the Head and Neck
Cutaneous Carcinoma of the Head and Neck,Cutaneous Carcinoma of the Head and Neck,Cutaneous Carcinoma of the Head and Neck
Cutaneous Carcinoma of the Head and Neck,Cutaneous Carcinoma of the Head and Neck,頭頸皮膚癌
Cutaneous Carcinoma of the Head and Neck,Cutaneous Carcinoma of the Head and Neck,皮膚鱗癌頭頸
Cutaneous Carcinoma of the Head and Neck,Cutaneous Carcinoma of the Head and Neck,cutaneous SCC head neck
Esophagus and Esophagogastric Junction: Other Histologies,Esophagus and Esophagogastric Junction: Other Histologies,Esophagus and Esophagogastric Junction: Other Histologies
Esophagus and Esophagogastric Junction: Other Histologies,Esophagus and Esophagogastric Junction: Other Histologies,Esophagus and Esophagogastric Junction: Other Histologies
Esophagus and Esophagogastric Junction: Other Histologies,Esophagus and Esophagogastric Junction: Other Histologies,Esophagus and Esophagogastric Junction: Other Histologies
Esophagus and Esophagogastric Junction: Other Histologies,Esophagus and Esophagogastric Junction: Other Histologies,Other Histologies
Small Intestine: Other Histologies,Small Intestine: Other Histologies,Small Intestine: Other Histologies
Small Intestine: Other Histologies,Small Intestine: Other Histologies,Small Intestine: Other Histologies
Small Intestine: Other Histologies,Small Intestine: Other Histologies,Small Intestine: Other Histologies
Small Intestine: Other Histologies,Small Intestine: Other Histologies,Other Histologies
Anus,Anus,Anus
Anus,Anus,Anus
Anus,Anus,Anus
Thymus,Thymus,Thymus
Thymus,Thymus,Thymus
Thymus,Thymus,Thymus
Thymus,Thymus,胸腺癌
Thymus,Thymus,胸腺瘤
Thymus,Thymus,thymoma
Thymus,Thymus,thymic carcinoma
Lung,Lung,Lung
Lung,Lung,Lung
Lung,Lung,Lung
Lung,Lung,肺癌
Lung,Lung,NSCLC
Lung,Lung,SCLC
Lung,Lung,lung cancer
Lung,Lung,肺腺癌
Lung,Lung,肺鱗癌
Lung,Lung,小細胞肺癌
Lung,Lung,非小細胞肺癌
Malignant Pleural Mesothelioma,Malignant Pleural Mesothelioma,Malignant Pleural Mesothelioma
Malignant Pleural Mesothelioma,Malignant Pleural Mesothelioma,Malignant Pleural Mesothelioma
Malignant Pleural Mesothelioma,Malignant Pleural Mesothelioma,Malignant Pleural Mesothelioma
Malignant Pleural Mesothelioma,Malignant Pleural Mesothelioma,惡性胸膜間皮瘤
Malignant Pleural Mesothelioma,Malignant Pleural Mesothelioma,mesothelioma
"Bone: Appendicular Skeleton, Trunk, Skull and Facial Bones","Bone: Appendicular Skeleton, Trunk, Skull and Facial Bones","Bone: Appendicular Skeleton, Trunk, Skull and Facial Bones"
"Bone: Appendicular Skeleton, Trunk, Skull and Facial Bones","Bone: Appendicular Skeleton, Trunk, Skull and Facial Bones","Bone: Appendicular Skeleton, Trunk, Skull and Facial Bones"
"Bone: Appendicular Skeleton, Trunk, Skull and Facial Bones","Bone: Appendicular Skeleton, Trunk, Skull and Facial Bones","Bone: Appendicular Skeleton, Trunk, Skull and Facial Bones"
"Bone: Appendicular Skeleton, Trunk, Skull and Facial Bones","Bone: Appendicular Skeleton, Trunk, Skull and Facial Bones","Appendicular Skeleton, Trunk, Skull and Facial Bones"
"Bone: Appendicular Skeleton, Trunk, Skull and Facial Bones","Bone: Appendicular Skeleton, Trunk, Skull and Facial Bones",骨肉瘤
"Bone: Appendicular Skeleton, Trunk, Skull and Facial Bones","Bone: Appendicular Skeleton, Trunk, Skull and Facial Bones",骨腫瘤
"Bone: Appendicular Skeleton, Trunk, Skull and Facial Bones","Bone: Appendicular Skeleton, Trunk, Skull and Facial Bones",appendicular bone sarcoma
"Bone: Appendicular Skeleton, Trunk, Skull and Facial Bones","Bone: Appendicular Skeleton, Trunk, Skull and Facial Bones",osteosarcoma
Bone: Spine,Bone: Spine,Bone: Spine
Bone: Spine,Bone: Spine,Bone: Spine
Bone: Spine,Bone: Spine,Bone: Spine
Bone: Spine,Bone: Spine,Spine
Bone: Spine,Bone: Spine,脊椎骨腫瘤
Bone: Spine,Bone: Spine,spine bone tumor
Bone: Pelvis,Bone: Pelvis,Bone: Pelvis
Bone: Pelvis,Bone: Pelvis,Bone: Pelvis
Bone: Pelvis,Bone: Pelvis,Bone: Pelvis
Bone: Pelvis,Bone: Pelvis,Pelvis
Bone: Pelvis,Bone: Pelvis,骨盆骨腫瘤
Bone: Pelvis,Bone: Pelvis,pelvic bone tumor
Soft Tissue Sarcoma of the Head and Neck,Soft Tissue Sarcoma of the Head and Neck,Soft Tissue Sarcoma of the Head and Neck
Soft Tissue Sarcoma of the Head and Neck,Soft Tissue Sarcoma of the Head and Neck,Soft Tissue Sarcoma of the Head and Neck
Soft Tissue Sarcoma of the Head and Neck,Soft Tissue Sarcoma of the Head and Neck,Soft Tissue Sarcoma of the Head and Neck
Soft Tissue Sarcoma of the Head and Neck,Soft Tissue Sarcoma of the Head and Neck,頭頸軟組織肉瘤
Soft Tissue Sarcoma of the Head and Neck,Soft Tissue Sarcoma of the Head and Neck,soft tissue sarcoma head neck
Soft Tissue Sarcoma of the Trunk and Extremities,Soft Tissue Sarcoma of the Trunk and Extremities,Soft Tissue Sarcoma of the Trunk and Extremities
Soft Tissue Sarcoma of the Trunk and Extremities,Soft Tissue Sarcoma of the Trunk and Extremities,Soft Tissue Sarcoma of the Trunk and Extremities
Soft Tissue Sarcoma of the Trunk and Extremities,Soft Tissue Sarcoma of the Trunk and Extremities,Soft Tissue Sarcoma of the Trunk and Extremities
Soft Tissue Sarcoma of the Trunk and Extremities,Soft Tissue Sarcoma of the Trunk and Extremities,四肢軟組織肉瘤
Soft Tissue Sarcoma of the Trunk and Extremities,Soft Tissue Sarcoma of the Trunk and Extremities,軀幹軟組織肉瘤
Soft Tissue Sarcoma of the Trunk and Extremities,Soft Tissue Sarcoma of the Trunk and Extremities,STS
Soft Tissue Sarcoma of the Trunk and Extremities,Soft Tissue Sarcoma of the Trunk and Extremities,soft tissue sarcoma
Soft Tissue Sarcoma of the Abdomen and Thoracic Visceral Organs,Soft Tissue Sarcoma of the Abdomen and Thoracic Visceral Organs,Soft Tissue Sarcoma of the Abdomen and Thoracic Visceral Organs
Soft Tissue Sarcoma of the Abdomen and Thoracic Visceral Organs,Soft Tissue Sarcoma of the Abdomen and Thoracic Visceral Organs,Soft Tissue Sarcoma of the Abdomen and Thoracic Visceral Organs
Soft Tissue Sarcoma of the Abdomen and Thoracic Visceral Organs,Soft Tissue Sarcoma of the Abdomen and Thoracic Visceral Organs,Soft Tissue Sarcoma of the Abdomen and Thoracic Visceral Organs
Soft Tissue Sarcoma of the Abdomen and Thoracic Visceral Organs,Soft Tissue Sarcoma of the Abdomen and Thoracic Visceral Organs,腹腔軟組織肉瘤
Soft Tissue Sarcoma of the Abdomen and Thoracic Visceral Organs,Soft Tissue Sarcoma of the Abdomen and Thoracic Visceral Organs,胸腔臟器軟組織肉瘤
Soft Tissue Sarcoma of the Retroperitoneum,Soft Tissue Sarcoma of the Retroperitoneum,Soft Tissue Sarcoma of the Retroperitoneum
Soft Tissue Sarcoma of the Retroperitoneum,Soft Tissue Sarcoma of the Retroperitoneum,Soft Tissue Sarcoma of the Retroperitoneum
Soft Tissue Sarcoma of the Retroperitoneum,Soft Tissue Sarcoma of the Retroperitoneum,Soft Tissue Sarcoma of the Retroperitoneum
Soft Tissue Sarcoma of the Retroperitoneum,Soft Tissue Sarcoma of the Retroperitoneum,後腹腔肉瘤
Soft Tissue Sarcoma of the Retroperitoneum,Soft Tissue Sarcoma of the Retroperitoneum,retroperitoneal sarcoma
Soft Tissue Sarcoma – Unusual Histologies and Sites,Soft Tissue Sarcoma – Unusual Histologies and Sites,Soft Tissue Sarcoma – Unusual Histologies and Sites
Soft Tissue Sarcoma – Unusual Histologies and Sites,Soft Tissue Sarcoma – Unusual Histologies and Sites,Soft Tissue Sarcoma – Unusual Histologies and Sites
Soft Tissue Sarcoma – Unusual Histologies and Sites,Soft Tissue Sarcoma – Unusual Histologies and Sites,Soft Tissue Sarcoma – Unusual Histologies and Sites
Soft Tissue Sarcoma – Unusual Histologies and Sites,Soft Tissue Sarcoma – Unusual Histologies and Sites,特殊部位肉瘤
Soft Tissue Sarcoma – Unusual Histologies and Sites,Soft Tissue Sarcoma – Unusual Histologies and Sites,unusual sarcoma
Merkel Cell Carcinoma,Merkel Cell Carcinoma,Merkel Cell Carcinoma
Merkel Cell Carcinoma,Merkel Cell Carcinoma,Merkel Cell Carcinoma
Merkel Cell Carcinoma,Merkel Cell Carcinoma,Merkel Cell Carcinoma
Merkel Cell Carcinoma,Merkel Cell Carcinoma,默克細胞癌
Merkel Cell Carcinoma,Merkel Cell Carcinoma,Merkel cell
Merkel Cell Carcinoma,Merkel Cell Carcinoma,MCC
Melanoma of the Skin,Melanoma of the Skin,Melanoma of the Skin
Melanoma of the Skin,Melanoma of the Skin,Melanoma of the Skin
Melanoma of the Skin,Melanoma of the Skin,Melanoma of the Skin
Melanoma of the Skin,Melanoma of the Skin,黑色素瘤
Melanoma of the Skin,Melanoma of the Skin,皮膚黑色素瘤
Melanoma of the Skin,Melanoma of the Skin,melanoma
Breast,Breast,Breast
Breast,Breast,Breast
Breast,Breast,Breast
Breast,Breast,乳癌
Breast,Breast,乳房癌
Breast,Breast,breast cancer
Breast,Breast,HER2 breast
Breast,Breast,TNBC
Vulva,Vulva,Vulva
Vulva,Vulva,Vulva
Vulva,Vulva,Vulva
Vulva,Vulva,外陰癌
Vulva,Vulva,vulvar cancer
Vagina,Vagina,Vagina
Vagina,Vagina,Vagina
Vagina,Vagina,Vagina
Vagina,Vagina,陰道癌
Vagina,Vagina,vaginal cancer
Cervix Uteri,Cervix Uteri,Cervix Uteri
Cervix Uteri,Cervix Uteri,Cervix Uteri
Cervix Uteri,Cervix Uteri,Cervix Uteri
Cervix Uteri,Cervix Uteri,子宮頸癌
Cervix Uteri,Cervix Uteri,cervical cancer
Corpus Uteri – Carcinoma and Carcinosarcoma,Corpus Uteri – Carcinoma and Carcinosarcoma,Corpus Uteri – Carcinoma and Carcinosarcoma
Corpus Uteri – Carcinoma and Carcinosarcoma,Corpus Uteri – Carcinoma and Carcinosarcoma,Corpus Uteri – Carcinoma and Carcinosarcoma
Corpus Uteri – Carcinoma and Carcinosarcoma,Corpus Uteri – Carcinoma and Carcinosarcoma,Corpus Uteri – Carcinoma and Carcinosarcoma
Corpus Uteri – Carcinoma and Carcinosarcoma,Corpus Uteri – Carcinoma and Carcinosarcoma,子宮內膜癌
Corpus Uteri – Carcinoma and Carcinosarcoma,Corpus Uteri – Carcinoma and Carcinosarcoma,子宮體癌
Corpus Uteri – Carcinoma and Carcinosarcoma,Corpus Uteri – Carcinoma and Carcinosarcoma,endometrial cancer
Corpus Uteri – Carcinoma and Carcinosarcoma,Corpus Uteri – Carcinoma and Carcinosarcoma,uterine carcinoma
Corpus Uteri – Carcinoma and Carcinosarcoma,Corpus Uteri – Carcinoma and Carcinosarcoma,carcinosarcoma
Corpus Uteri – Leiomyosarcoma and Endometrial Stromal Sarcoma,Corpus Uteri – Leiomyosarcoma and Endometrial Stromal Sarcoma,Corpus Uteri – Leiomyosarcoma and Endometrial Stromal Sarcoma
Corpus Uteri – Leiomyosarcoma and Endometrial Stromal Sarcoma,Corpus Uteri – Leiomyosarcoma and Endometrial Stromal Sarcoma,Corpus Uteri – Leiomyosarcoma and Endometrial Stromal Sarcoma
Corpus Uteri – Leiomyosarcoma and Endometrial Stromal Sarcoma,Corpus Uteri – Leiomyosarcoma and Endometrial Stromal Sarcoma,Corpus Uteri – Leiomyosarcoma and Endometrial Stromal Sarcoma
Corpus Uteri – Leiomyosarcoma and Endometrial Stromal Sarcoma,Corpus Uteri – Leiomyosarcoma and Endometrial Stromal Sarcoma,子宮肉瘤
Corpus Uteri – Leiomyosarcoma and Endometrial Stromal Sarcoma,Corpus Uteri – Leiomyosarcoma and Endometrial Stromal Sarcoma,leiomyosarcoma
Corpus Uteri – Leiomyosarcoma and Endometrial Stromal Sarcoma,Corpus Uteri – Leiomyosarcoma and Endometrial Stromal Sarcoma,endometrial stromal sarcoma
Corpus Uteri – Adenosarcoma,Corpus Uteri – Adenosarcoma,Corpus Uteri – Adenosarcoma
Corpus Uteri – Adenosarcoma,Corpus Uteri – Adenosarcoma,Corpus Uteri – Adenosarcoma
Corpus Uteri – Adenosarcoma,Corpus Uteri – Adenosarcoma,Corpus Uteri – Adenosarcoma
Corpus Uteri – Adenosarcoma,Corpus Uteri – Adenosarcoma,子宮腺肉瘤
Corpus Uteri – Adenosarcoma,Corpus Uteri – Adenosarcoma,adenosarcoma
"Ovary, Fallopian Tube and Primary Peritoneal Carcinoma","Ovary, Fallopian Tube and Primary Peritoneal Carcinoma","Ovary, Fallopian Tube and Primary Peritoneal Carcinoma"
"Ovary, Fallopian Tube and Primary Peritoneal Carcinoma","Ovary, Fallopian Tube and Primary Peritoneal Carcinoma","Ovary, Fallopian Tube and Primary Peritoneal Carcinoma"
"Ovary, Fallopian Tube and Primary Peritoneal Carcinoma","Ovary, Fallopian Tube and Primary Peritoneal Carcinoma","Ovary, Fallopian Tube and Primary Peritoneal Carcinoma"
"Ovary, Fallopian Tube and Primary Peritoneal Carcinoma","Ovary, Fallopian Tube and Primary Peritoneal Carcinoma",卵巢癌
"Ovary, Fallopian Tube and Primary Peritoneal Carcinoma","Ovary, Fallopian Tube and Primary Peritoneal Carcinoma",輸卵管癌
"Ovary, Fallopian Tube and Primary Peritoneal Carcinoma","Ovary, Fallopian Tube and Primary Peritoneal Carcinoma",原發性腹膜癌
"Ovary, Fallopian Tube and Primary Peritoneal Carcinoma","Ovary, Fallopian Tube and Primary Peritoneal Carcinoma",ovarian cancer
"Ovary, Fallopian Tube and Primary Peritoneal Carcinoma","Ovary, Fallopian Tube and Primary Peritoneal Carcinoma",fallopian tube cancer
"Ovary, Fallopian Tube and Primary Peritoneal Carcinoma","Ovary, Fallopian Tube and Primary Peritoneal Carcinoma",primary peritoneal
Gestational Trophoblastic Neoplasms,Gestational Trophoblastic Neoplasms,Gestational Trophoblastic Neoplasms
Gestational Trophoblastic Neoplasms,Gestational Trophoblastic Neoplasms,Gestational Trophoblastic Neoplasms
Gestational Trophoblastic Neoplasms,Gestational Trophoblastic Neoplasms,Gestational Trophoblastic Neoplasms
Gestational Trophoblastic Neoplasms,Gestational Trophoblastic Neoplasms,妊娠滋養細胞腫瘤
Gestational Trophoblastic Neoplasms,Gestational Trophoblastic Neoplasms,GTN
Gestational Trophoblastic Neoplasms,Gestational Trophoblastic Neoplasms,gestational trophoblastic
Penis,Penis,Penis
Penis,Penis,Penis
Penis,Penis,Penis
Penis,Penis,陰莖癌
Penis,Penis,penile cancer
Prostate,Prostate,Prostate
Prostate,Prostate,Prostate
Prostate,Prostate,Prostate
Prostate,Prostate,攝護腺癌
Prostate,Prostate,前列腺癌
Prostate,Prostate,prostate cancer
Prostate,Prostate,PSA
Prostate,Prostate,Gleason
Testis,Testis,Testis
Testis,Testis,Testis
Testis,Testis,Testis
Testis,Testis,睪丸癌
Testis,Testis,testicular cancer
Testis,Testis,germ cell tumor
Kidney,Kidney,Kidney
Kidney,Kidney,Kidney
Kidney,Kidney,Kidney
Kidney,Kidney,腎細胞癌
Kidney,Kidney,腎癌
Kidney,Kidney,RCC
Kidney,Kidney,renal cell carcinoma
Kidney,Kidney,kidney cancer
Urinary Bladder: Urothelial Carcinomas,Urinary Bladder: Urothelial Carcinomas,Urinary Bladder: Urothelial Carcinomas
Urinary Bladder: Urothelial Carcinomas,Urinary Bladder: Urothelial Carcinomas,Urinary Bladder: Urothelial Carcinomas
Urinary Bladder: Urothelial Carcinomas,Urinary Bladder: Urothelial Carcinomas,Urinary Bladder: Urothelial Carcinomas
Urinary Bladder: Urothelial Carcinomas,Urinary Bladder: Urothelial Carcinomas,Urothelial Carcinomas
Urinary Bladder: Urothelial Carcinomas,Urinary Bladder: Urothelial Carcinomas,膀胱癌
Urinary Bladder: Urothelial Carcinomas,Urinary Bladder: Urothelial Carcinomas,尿路上皮癌
Urinary Bladder: Urothelial Carcinomas,Urinary Bladder: Urothelial Carcinomas,UC
Urinary Bladder: Urothelial Carcinomas,Urinary Bladder: Urothelial Carcinomas,urothelial carcinoma
Urinary Bladder: Urothelial Carcinomas,Urinary Bladder: Urothelial Carcinomas,bladder cancer
Urinary Bladder: Squamous Cell Carcinoma and Adenocarcinoma,Urinary Bladder: Squamous Cell Carcinoma and Adenocarcinoma,Urinary Bladder: Squamous Cell Carcinoma and Adenocarcinoma
Urinary Bladder: Squamous Cell Carcinoma and Adenocarcinoma,Urinary Bladder: Squamous Cell Carcinoma and Adenocarcinoma,Urinary Bladder: Squamous Cell Carcinoma and Adenocarcinoma
Urinary Bladder: Squamous Cell Carcinoma and Adenocarcinoma,Urinary Bladder: Squamous Cell Carcinoma and Adenocarcinoma,Urinary Bladder: Squamous Cell Carcinoma and Adenocarcinoma
Urinary Bladder: Squamous Cell Carcinoma and Adenocarcinoma,Urinary Bladder: Squamous Cell Carcinoma and Adenocarcinoma,Squamous Cell Carcinoma and Adenocarcinoma
Urinary Bladder: Squamous Cell Carcinoma and Adenocarcinoma,Urinary Bladder: Squamous Cell Carcinoma and Adenocarcinoma,膀胱鱗癌
Urinary Bladder: Squamous Cell Carcinoma and Adenocarcinoma,Urinary Bladder: Squamous Cell Carcinoma and Adenocarcinoma,膀胱腺癌
Male Penile Urethra and Female Urethra: Urothelial Carcinomas,Male Penile Urethra and Female Urethra: Urothelial Carcinomas,Male Penile Urethra and Female Urethra: Urothelial Carcinomas
Male Penile Urethra and Female Urethra: Urothelial Carcinomas,Male Penile Urethra and Female Urethra: Urothelial Carcinomas,Male Penile Urethra and Female Urethra: Urothelial Carcinomas
Male Penile Urethra and Female Urethra: Urothelial Carcinomas,Male Penile Urethra and Female Urethra: Urothelial Carcinomas,Male Penile Urethra and Female Urethra: Urothelial Carcinomas
Male Penile Urethra and Female Urethra: Urothelial Carcinomas,Male Penile Urethra and Female Urethra: Urothelial Carcinomas,Urothelial Carcinomas
Male Penile Urethra and Female Urethra: Urothelial Carcinomas,Male Penile Urethra and Female Urethra: Urothelial Carcinomas,尿道尿路上皮癌
Male Penile Urethra and Female Urethra: Urothelial Carcinomas,Male Penile Urethra and Female Urethra: Urothelial Carcinomas,urethral urothelial carcinoma
Male Penile and Female Urethra: Squamous Cell Carcinoma and Adenocarcinoma,Male Penile and Female Urethra: Squamous Cell Carcinoma and Adenocarcinoma,Male Penile and Female Urethra: Squamous Cell Carcinoma and Adenocarcinoma
Male Penile and Female Urethra: Squamous Cell Carcinoma and Adenocarcinoma,Male Penile and Female Urethra: Squamous Cell Carcinoma and Adenocarcinoma,Male Penile and Female Urethra: Squamous Cell Carcinoma and Adenocarcinoma
Male Penile and Female Urethra: Squamous Cell Carcinoma and Adenocarcinoma,Male Penile and Female Urethra: Squamous Cell Carcinoma and Adenocarcinoma,Male Penile and Female Urethra: Squamous Cell Carcinoma and Adenocarcinoma
Male Penile and Female Urethra: Squamous Cell Carcinoma and Adenocarcinoma,Male Penile and Female Urethra: Squamous Cell Carcinoma and Adenocarcinoma,Squamous Cell Carcinoma and Adenocarcinoma
Male Penile and Female Urethra: Squamous Cell Carcinoma and Adenocarcinoma,Male Penile and Female Urethra: Squamous Cell Carcinoma and Adenocarcinoma,尿道鱗癌
Male Penile and Female Urethra: Squamous Cell Carcinoma and Adenocarcinoma,Male Penile and Female Urethra: Squamous Cell Carcinoma and Adenocarcinoma,尿道腺癌
Prostatic Urethra: Urothelial Carcinomas,Prostatic Urethra: Urothelial Carcinomas,Prostatic Urethra: Urothelial Carcinomas
Prostatic Urethra: Urothelial Carcinomas,Prostatic Urethra: Urothelial Carcinomas,Prostatic Urethra: Urothelial Carcinomas
Prostatic Urethra: Urothelial Carcinomas,Prostatic Urethra: Urothelial Carcinomas,Prostatic Urethra: Urothelial Carcinomas
Prostatic Urethra: Urothelial Carcinomas,Prostatic Urethra: Urothelial Carcinomas,Urothelial Carcinomas
Prostatic Urethra: Urothelial Carcinomas,Prostatic Urethra: Urothelial Carcinomas,前列腺尿道尿路上皮癌
Prostatic Urethra: Urothelial Carcinomas,Prostatic Urethra: Urothelial Carcinomas,攝護腺尿道尿路上皮癌
Prostatic Urethra: Squamous Cell Carcinoma and Adenocarcinoma,Prostatic Urethra: Squamous Cell Carcinoma and Adenocarcinoma,Prostatic Urethra: Squamous Cell Carcinoma and Adenocarcinoma
Prostatic Urethra: Squamous Cell Carcinoma and Adenocarcinoma,Prostatic Urethra: Squamous Cell Carcinoma and Adenocarcinoma,Prostatic Urethra: Squamous Cell Carcinoma and Adenocarcinoma
Prostatic Urethra: Squamous Cell Carcinoma and Adenocarcinoma,Prostatic Urethra: Squamous Cell Carcinoma and Adenocarcinoma,Prostatic Urethra: Squamous Cell Carcinoma and Adenocarcinoma
Prostatic Urethra: Squamous Cell Carcinoma and Adenocarcinoma,Prostatic Urethra: Squamous Cell Carcinoma and Adenocarcinoma,Squamous Cell Carcinoma and Adenocarcinoma
Prostatic Urethra: Squamous Cell Carcinoma and Adenocarcinoma,Prostatic Urethra: Squamous Cell Carcinoma and Adenocarcinoma,前列腺尿道鱗癌
Prostatic Urethra: Squamous Cell Carcinoma and Adenocarcinoma,Prostatic Urethra: Squamous Cell Carcinoma and Adenocarcinoma,攝護腺尿道腺癌
Eyelid Carcinoma,Eyelid Carcinoma,Eyelid Carcinoma
Eyelid Carcinoma,Eyelid Carcinoma,Eyelid Carcinoma
Eyelid Carcinoma,Eyelid Carcinoma,Eyelid Carcinoma
Eyelid Carcinoma,Eyelid Carcinoma,眼瞼癌
Eyelid Carcinoma,Eyelid Carcinoma,eyelid carcinoma
Conjunctival Carcinoma,Conjunctival Carcinoma,Conjunctival Carcinoma
Conjunctival Carcinoma,Conjunctival Carcinoma,Conjunctival Carcinoma
Conjunctival Carcinoma,Conjunctival Carcinoma,Conjunctival Carcinoma
Conjunctival Carcinoma,Conjunctival Carcinoma,結膜癌
Conjunctival Carcinoma,Conjunctival Carcinoma,conjunctival carcinoma
Conjunctival Melanoma,Conjunctival Melanoma,Conjunctival Melanoma
Conjunctival Melanoma,Conjunctival Melanoma,Conjunctival Melanoma
Conjunctival Melanoma,Conjunctival Melanoma,Conjunctival Melanoma
Conjunctival Melanoma,Conjunctival Melanoma,結膜黑色素瘤
Conjunctival Melanoma,Conjunctival Melanoma,conjunctival melanoma
Uveal Melanoma – Iris Melanoma,Uveal Melanoma – Iris Melanoma,Uveal Melanoma – Iris Melanoma
Uveal Melanoma – Iris Melanoma,Uveal Melanoma – Iris Melanoma,Uveal Melanoma – Iris Melanoma
Uveal Melanoma – Iris Melanoma,Uveal Melanoma – Iris Melanoma,Uveal Melanoma – Iris Melanoma
Uveal Melanoma – Iris Melanoma,Uveal Melanoma – Iris Melanoma,虹膜黑色素瘤
Uveal Melanoma – Iris Melanoma,Uveal Melanoma – Iris Melanoma,iris melanoma
Uveal Melanoma – Choroidal and Ciliary Body Melanoma,Uveal Melanoma – Choroidal and Ciliary Body Melanoma,Uveal Melanoma – Choroidal and Ciliary Body Melanoma
Uveal Melanoma – Choroidal and Ciliary Body Melanoma,Uveal Melanoma – Choroidal and Ciliary Body Melanoma,Uveal Melanoma – Choroidal and Ciliary Body Melanoma
Uveal Melanoma – Choroidal and Ciliary Body Melanoma,Uveal Melanoma – Choroidal and Ciliary Body Melanoma,Uveal Melanoma – Choroidal and Ciliary Body Melanoma
Uveal Melanoma – Choroidal and Ciliary Body Melanoma,Uveal Melanoma – Choroidal and Ciliary Body Melanoma,脈絡膜黑色素瘤
Uveal Melanoma – Choroidal and Ciliary Body Melanoma,Uveal Melanoma – Choroidal and Ciliary Body Melanoma,睫狀體黑色素瘤
Uveal Melanoma – Choroidal and Ciliary Body Melanoma,Uveal Melanoma – Choroidal and Ciliary Body Melanoma,uveal melanoma
Retinoblastoma,Retinoblastoma,Retinoblastoma
Retinoblastoma,Retinoblastoma,Retinoblastoma
Retinoblastoma,Retinoblastoma,Retinoblastoma
Retinoblastoma,Retinoblastoma,視網膜母細胞瘤
Retinoblastoma,Retinoblastoma,retinoblastoma
Lacrimal Gland Carcinoma,Lacrimal Gland Carcinoma,Lacrimal Gland Carcinoma
Lacrimal Gland Carcinoma,Lacrimal Gland Carcinoma,Lacrimal Gland Carcinoma
Lacrimal Gland Carcinoma,Lacrimal Gland Carcinoma,Lacrimal Gland Carcinoma
Lacrimal Gland Carcinoma,Lacrimal Gland Carcinoma,淚腺癌
Lacrimal Gland Carcinoma,Lacrimal Gland Carcinoma,lacrimal gland carcinoma
Orbital Sarcoma,Orbital Sarcoma,Orbital Sarcoma
Orbital Sarcoma,Orbital Sarcoma,Orbital Sarcoma
Orbital Sarcoma,Orbital Sarcoma,Orbital Sarcoma
Orbital Sarcoma,Orbital Sarcoma,眼眶肉瘤
Orbital Sarcoma,Orbital Sarcoma,orbital sarcoma
Ocular Adnexal Lymphoma,Ocular Adnexal Lymphoma,Ocular Adnexal Lymphoma
Ocular Adnexal Lymphoma,Ocular Adnexal Lymphoma,Ocular Adnexal Lymphoma
Ocular Adnexal Lymphoma,Ocular Adnexal Lymphoma,Ocular Adnexal Lymphoma
Ocular Adnexal Lymphoma,Ocular Adnexal Lymphoma,眼附屬器淋巴瘤
Ocular Adnexal Lymphoma,Ocular Adnexal Lymphoma,ocular adnexal lymphoma
Brain and Spinal Cord,Brain and Spinal Cord,Brain and Spinal Cord
Brain and Spinal Cord,Brain and Spinal Cord,Brain and Spinal Cord
Brain and Spinal Cord,Brain and Spinal Cord,Brain and Spinal Cord
Brain and Spinal Cord,Brain and Spinal Cord,腦瘤
Brain and Spinal Cord,Brain and Spinal Cord,腦癌
Brain and Spinal Cord,Brain and Spinal Cord,中樞神經腫瘤
Brain and Spinal Cord,Brain and Spinal Cord,glioma
Brain and Spinal Cord,Brain and Spinal Cord,glioblastoma
Brain and Spinal Cord,Brain and Spinal Cord,CNS tumor
Brain and Spinal Cord,Brain and Spinal Cord,spinal cord tumor
Thyroid – Differentiated,Thyroid – Differentiated,Thyroid – Differentiated
Thyroid – Differentiated,Thyroid – Differentiated,Thyroid – Differentiated
Thyroid – Differentiated,Thyroid – Differentiated,Thyroid – Differentiated
Thyroid – Differentiated,Thyroid – Differentiated,甲狀腺癌
Thyroid – Differentiated,Thyroid – Differentiated,分化型甲狀腺癌
Thyroid – Differentiated,Thyroid – Differentiated,papillary thyroid
Thyroid – Differentiated,Thyroid – Differentiated,follicular thyroid
Thyroid – Differentiated,Thyroid – Differentiated,thyroid cancer
Thyroid – Differentiated,Thyroid – Differentiated,differentiated thyroid cancer
Thyroid – Anaplastic,Thyroid – Anaplastic,Thyroid – Anaplastic
Thyroid – Anaplastic,Thyroid – Anaplastic,Thyroid – Anaplastic
Thyroid – Anaplastic,Thyroid – Anaplastic,Thyroid – Anaplastic
Thyroid – Anaplastic,Thyroid – Anaplastic,未分化甲狀腺癌
Thyroid – Anaplastic,Thyroid – Anaplastic,anaplastic thyroid cancer
Thyroid – Medullary,Thyroid – Medullary,Thyroid – Medullary
Thyroid – Medullary,Thyroid – Medullary,Thyroid – Medullary
Thyroid – Medullary,Thyroid – Medullary,Thyroid – Medullary
Thyroid – Medullary,Thyroid – Medullary,髓質甲狀腺癌
Thyroid – Medullary,Thyroid – Medullary,medullary thyroid cancer
Parathyroid,Parathyroid,Parathyroid
Parathyroid,Parathyroid,Parathyroid
Parathyroid,Parathyroid,Parathyroid
Parathyroid,Parathyroid,副甲狀腺癌
Parathyroid,Parathyroid,parathyroid carcinoma
Adrenal Cortical Carcinoma,Adrenal Cortical Carcinoma,Adrenal Cortical Carcinoma
Adrenal Cortical Carcinoma,Adrenal Cortical Carcinoma,Adrenal Cortical Carcinoma
Adrenal Cortical Carcinoma,Adrenal Cortical Carcinoma,Adrenal Cortical Carcinoma
Adrenal Cortical Carcinoma,Adrenal Cortical Carcinoma,腎上腺皮質癌
Adrenal Cortical Carcinoma,Adrenal Cortical Carcinoma,ACC
Adrenal Cortical Carcinoma,Adrenal Cortical Carcinoma,adrenocortical carcinoma
Adrenal – Neuroendocrine Tumors,Adrenal – Neuroendocrine Tumors,Adrenal – Neuroendocrine Tumors
Adrenal – Neuroendocrine Tumors,Adrenal – Neuroendocrine Tumors,Adrenal – Neuroendocrine Tumors
Adrenal – Neuroendocrine Tumors,Adrenal – Neuroendocrine Tumors,Adrenal – Neuroendocrine Tumors
Adrenal – Neuroendocrine Tumors,Adrenal – Neuroendocrine Tumors,腎上腺神經內分泌腫瘤
Adrenal – Neuroendocrine Tumors,Adrenal – Neuroendocrine Tumors,pheochromocytoma
Adrenal – Neuroendocrine Tumors,Adrenal – Neuroendocrine Tumors,paraganglioma
Non-Hodgkin Lymphomas: Unspecified or Other Type,Non-Hodgkin Lymphomas: Unspecified or Other Type,Non-Hodgkin Lymphomas: Unspecified or Other Type
Non-Hodgkin Lymphomas: Unspecified or Other Type,Non-Hodgkin Lymphomas: Unspecified or Other Type,Non-Hodgkin Lymphomas: Unspecified or Other Type
Non-Hodgkin Lymphomas: Unspecified or Other Type,Non-Hodgkin Lymphomas: Unspecified or Other Type,Non-Hodgkin Lymphomas: Unspecified or Other Type
Non-Hodgkin Lymphomas: Unspecified or Other Type,Non-Hodgkin Lymphomas: Unspecified or Other Type,Unspecified or Other Type
Non-Hodgkin Lymphomas: Unspecified or Other Type,Non-Hodgkin Lymphomas: Unspecified or Other Type,非何杰金淋巴瘤
Non-Hodgkin Lymphomas: Unspecified or Other Type,Non-Hodgkin Lymphomas: Unspecified or Other Type,NHL
Non-Hodgkin Lymphomas: Unspecified or Other Type,Non-Hodgkin Lymphomas: Unspecified or Other Type,淋巴瘤
Non-Hodgkin Lymphomas: Diffuse Large B Cell Lymphoma,Non-Hodgkin Lymphomas: Diffuse Large B Cell Lymphoma,Non-Hodgkin Lymphomas: Diffuse Large B Cell Lymphoma
Non-Hodgkin Lymphomas: Diffuse Large B Cell Lymphoma,Non-Hodgkin Lymphomas: Diffuse Large B Cell Lymphoma,Non-Hodgkin Lymphomas: Diffuse Large B Cell Lymphoma
Non-Hodgkin Lymphomas: Diffuse Large B Cell Lymphoma,Non-Hodgkin Lymphomas: Diffuse Large B Cell Lymphoma,Non-Hodgkin Lymphomas: Diffuse Large B Cell Lymphoma
Non-Hodgkin Lymphomas: Diffuse Large B Cell Lymphoma,Non-Hodgkin Lymphomas: Diffuse Large B Cell Lymphoma,Diffuse Large B Cell Lymphoma
Non-Hodgkin Lymphomas: Diffuse Large B Cell Lymphoma,Non-Hodgkin Lymphomas: Diffuse Large B Cell Lymphoma,瀰漫大B細胞淋巴瘤
Non-Hodgkin Lymphomas: Diffuse Large B Cell Lymphoma,Non-Hodgkin Lymphomas: Diffuse Large B Cell Lymphoma,DLBCL
Non-Hodgkin Lymphomas: Mantle Cell Lymphoma,Non-Hodgkin Lymphomas: Mantle Cell Lymphoma,Non-Hodgkin Lymphomas: Mantle Cell Lymphoma
Non-Hodgkin Lymphomas: Mantle Cell Lymphoma,Non-Hodgkin Lymphomas: Mantle Cell Lymphoma,Non-Hodgkin Lymphomas: Mantle Cell Lymphoma
Non-Hodgkin Lymphomas: Mantle Cell Lymphoma,Non-Hodgkin Lymphomas: Mantle Cell Lymphoma,Non-Hodgkin Lymphomas: Mantle Cell Lymphoma
Non-Hodgkin Lymphomas: Mantle Cell Lymphoma,Non-Hodgkin Lymphomas: Mantle Cell Lymphoma,Mantle Cell Lymphoma
Non-Hodgkin Lymphomas: Mantle Cell Lymphoma,Non-Hodgkin Lymphomas: Mantle Cell Lymphoma,套細胞淋巴瘤
Non-Hodgkin Lymphomas: Mantle Cell Lymphoma,Non-Hodgkin Lymphomas: Mantle Cell Lymphoma,mantle cell lymphoma
Non-Hodgkin Lymphomas: Follicular Lymphoma,Non-Hodgkin Lymphomas: Follicular Lymphoma,Non-Hodgkin Lymphomas: Follicular Lymphoma
Non-Hodgkin Lymphomas: Follicular Lymphoma,Non-Hodgkin Lymphomas: Follicular Lymphoma,Non-Hodgkin Lymphomas: Follicular Lymphoma
Non-Hodgkin Lymphomas: Follicular Lymphoma,Non-Hodgkin Lymphomas: Follicular Lymphoma,Non-Hodgkin Lymphomas: Follicular Lymphoma
Non-Hodgkin Lymphomas: Follicular Lymphoma,Non-Hodgkin Lymphomas: Follicular Lymphoma,Follicular Lymphoma
Non-Hodgkin Lymphomas: Follicular Lymphoma,Non-Hodgkin Lymphomas: Follicular Lymphoma,濾泡性淋巴瘤
Non-Hodgkin Lymphomas: Follicular Lymphoma,Non-Hodgkin Lymphomas: Follicular Lymphoma,follicular lymphoma
Non-Hodgkin Lymphomas: Marginal Zone Lymphoma,Non-Hodgkin Lymphomas: Marginal Zone Lymphoma,Non-Hodgkin Lymphomas: Marginal Zone Lymphoma
Non-Hodgkin Lymphomas: Marginal Zone Lymphoma,Non-Hodgkin Lymphomas: Marginal Zone Lymphoma,Non-Hodgkin Lymphomas: Marginal Zone Lymphoma
Non-Hodgkin Lymphomas: Marginal Zone Lymphoma,Non-Hodgkin Lymphomas: Marginal Zone Lymphoma,Non-Hodgkin Lymphomas: Marginal Zone Lymphoma
Non-Hodgkin Lymphomas: Marginal Zone Lymphoma,Non-Hodgkin Lymphomas: Marginal Zone Lymphoma,Marginal Zone Lymphoma
Non-Hodgkin Lymphomas: Marginal Zone Lymphoma,Non-Hodgkin Lymphomas: Marginal Zone Lymphoma,邊緣區淋巴瘤
Non-Hodgkin Lymphomas: Marginal Zone Lymphoma,Non-Hodgkin Lymphomas: Marginal Zone Lymphoma,marginal zone lymphoma
Non-Hodgkin Lymphomas: Chronic Lymphocytic Leukemia and Small Lymphocytic,Non-Hodgkin Lymphomas: Chronic Lymphocytic Leukemia and Small Lymphocytic,Non-Hodgkin Lymphomas: Chronic Lymphocytic Leukemia and Small Lymphocytic
Non-Hodgkin Lymphomas: Chronic Lymphocytic Leukemia and Small Lymphocytic,Non-Hodgkin Lymphomas: Chronic Lymphocytic Leukemia and Small Lymphocytic,Non-Hodgkin Lymphomas: Chronic Lymphocytic Leukemia and Small Lymphocytic
Non-Hodgkin Lymphomas: Chronic Lymphocytic Leukemia and Small Lymphocytic,Non-Hodgkin Lymphomas: Chronic Lymphocytic Leukemia and Small Lymphocytic,Non-Hodgkin Lymphomas: Chronic Lymphocytic Leukemia and Small Lymphocytic
Non-Hodgkin Lymphomas: Chronic Lymphocytic Leukemia and Small Lymphocytic,Non-Hodgkin Lymphomas: Chronic Lymphocytic Leukemia and Small Lymphocytic,Chronic Lymphocytic Leukemia and Small Lymphocytic
Non-Hodgkin Lymphomas: Chronic Lymphocytic Leukemia and Small Lymphocytic,Non-Hodgkin Lymphomas: Chronic Lymphocytic Leukemia and Small Lymphocytic,慢性淋巴球白血病
Non-Hodgkin Lymphomas: Chronic Lymphocytic Leukemia and Small Lymphocytic,Non-Hodgkin Lymphomas: Chronic Lymphocytic Leukemia and Small Lymphocytic,小淋巴球性淋巴瘤
Non-Hodgkin Lymphomas: Chronic Lymphocytic Leukemia and Small Lymphocytic,Non-Hodgkin Lymphomas: Chronic Lymphocytic Leukemia and Small Lymphocytic,CLL
Non-Hodgkin Lymphomas: Chronic Lymphocytic Leukemia and Small Lymphocytic,Non-Hodgkin Lymphomas: Chronic Lymphocytic Leukemia and Small Lymphocytic,SLL
Non-Hodgkin Lymphomas: Peripheral T-cell Lymphoma,Non-Hodgkin Lymphomas: Peripheral T-cell Lymphoma,Non-Hodgkin Lymphomas: Peripheral T-cell Lymphoma
Non-Hodgkin Lymphomas: Peripheral T-cell Lymphoma,Non-Hodgkin Lymphomas: Peripheral T-cell Lymphoma,Non-Hodgkin Lymphomas: Peripheral T-cell Lymphoma
Non-Hodgkin Lymphomas: Peripheral T-cell Lymphoma,Non-Hodgkin Lymphomas: Peripheral T-cell Lymphoma,Non-Hodgkin Lymphomas: Peripheral T-cell Lymphoma
Non-Hodgkin Lymphomas: Peripheral T-cell Lymphoma,Non-Hodgkin Lymphomas: Peripheral T-cell Lymphoma,Peripheral T-cell Lymphoma
Non-Hodgkin Lymphomas: Peripheral T-cell Lymphoma,Non-Hodgkin Lymphomas: Peripheral T-cell Lymphoma,周邊T細胞淋巴瘤
Non-Hodgkin Lymphomas: Peripheral T-cell Lymphoma,Non-Hodgkin Lymphomas: Peripheral T-cell Lymphoma,PTCL
Hodgkin Lymphoma,Hodgkin Lymphoma,Hodgkin Lymphoma
Hodgkin Lymphoma,Hodgkin Lymphoma,Hodgkin Lymphoma
Hodgkin Lymphoma,Hodgkin Lymphoma,Hodgkin Lymphoma
Hodgkin Lymphoma,Hodgkin Lymphoma,何杰金淋巴瘤
Hodgkin Lymphoma,Hodgkin Lymphoma,HL
Pediatric Hodgkin Lymphoma,Pediatric Hodgkin Lymphoma,Pediatric Hodgkin Lymphoma
Pediatric Hodgkin Lymphoma,Pediatric Hodgkin Lymphoma,Pediatric Hodgkin Lymphoma
Pediatric Hodgkin Lymphoma,Pediatric Hodgkin Lymphoma,Pediatric Hodgkin Lymphoma
Pediatric Hodgkin Lymphoma,Pediatric Hodgkin Lymphoma,兒童何杰金淋巴瘤
Pediatric Hodgkin Lymphoma,Pediatric Hodgkin Lymphoma,pediatric Hodgkin
Pediatric Non-Hodgkin Lymphoma,Pediatric Non-Hodgkin Lymphoma,Pediatric Non-Hodgkin Lymphoma
Pediatric Non-Hodgkin Lymphoma,Pediatric Non-Hodgkin Lymphoma,Pediatric Non-Hodgkin Lymphoma
Pediatric Non-Hodgkin Lymphoma,Pediatric Non-Hodgkin Lymphoma,Pediatric Non-Hodgkin Lymphoma
Pediatric Non-Hodgkin Lymphoma,Pediatric Non-Hodgkin Lymphoma,兒童非何杰金淋巴瘤
Pediatric Non-Hodgkin Lymphoma,Pediatric Non-Hodgkin Lymphoma,pediatric NHL
Primary Cutaneous Lymphoma: Mycosis Fungoides and Sézary Syndrome,Primary Cutaneous Lymphoma: Mycosis Fungoides and Sézary Syndrome,Primary Cutaneous Lymphoma: Mycosis Fungoides and Sézary Syndrome
Primary Cutaneous Lymphoma: Mycosis Fungoides and Sézary Syndrome,Primary Cutaneous Lymphoma: Mycosis Fungoides and Sézary Syndrome,Primary Cutaneous Lymphoma: Mycosis Fungoides and Sézary Syndrome
Primary Cutaneous Lymphoma: Mycosis Fungoides and Sézary Syndrome,Primary Cutaneous Lymphoma: Mycosis Fungoides and Sézary Syndrome,Primary Cutaneous Lymphoma: Mycosis Fungoides and Sézary Syndrome
Primary Cutaneous Lymphoma: Mycosis Fungoides and Sézary Syndrome,Primary Cutaneous Lymphoma: Mycosis Fungoides and Sézary Syndrome,Mycosis Fungoides and Sézary Syndrome
Primary Cutaneous Lymphoma: Mycosis Fungoides and Sézary Syndrome,Primary Cutaneous Lymphoma: Mycosis Fungoides and Sézary Syndrome,蕈樣肉芽腫
Primary Cutaneous Lymphoma: Mycosis Fungoides and Sézary Syndrome,Primary Cutaneous Lymphoma: Mycosis Fungoides and Sézary Syndrome,Sézary
Primary Cutaneous Lymphoma: Mycosis Fungoides and Sézary Syndrome,Primary Cutaneous Lymphoma: Mycosis Fungoides and Sézary Syndrome,皮膚T細胞淋巴瘤
Primary Cutaneous Lymphoma: Mycosis Fungoides and Sézary Syndrome,Primary Cutaneous Lymphoma: Mycosis Fungoides and Sézary Syndrome,CTCL
Primary Cutaneous Lymphoma: Primary Cutaneous B-Cell/T-Cell (non-MF/SS),Primary Cutaneous Lymphoma: Primary Cutaneous B-Cell/T-Cell (non-MF/SS),Primary Cutaneous Lymphoma: Primary Cutaneous B-Cell/T-Cell (non-MF/SS)
Primary Cutaneous Lymphoma: Primary Cutaneous B-Cell/T-Cell (non-MF/SS),Primary Cutaneous Lymphoma: Primary Cutaneous B-Cell/T-Cell (non-MF/SS),Primary Cutaneous Lymphoma: Primary Cutaneous B-Cell/T-Cell (non-MF/SS)
Primary Cutaneous Lymphoma: Primary Cutaneous B-Cell/T-Cell (non-MF/SS),Primary Cutaneous Lymphoma: Primary Cutaneous B-Cell/T-Cell (non-MF/SS),Primary Cutaneous Lymphoma: Primary Cutaneous B-Cell/T-Cell (non-MF/SS)
Primary Cutaneous Lymphoma: Primary Cutaneous B-Cell/T-Cell (non-MF/SS),Primary Cutaneous Lymphoma: Primary Cutaneous B-Cell/T-Cell (non-MF/SS),Primary Cutaneous B-Cell/T-Cell (non-MF/SS)
Primary Cutaneous Lymphoma: Primary Cutaneous B-Cell/T-Cell (non-MF/SS),Primary Cutaneous Lymphoma: Primary Cutaneous B-Cell/T-Cell (non-MF/SS),原發性皮膚淋巴瘤
Primary Cutaneous Lymphoma: Primary Cutaneous B-Cell/T-Cell (non-MF/SS),Primary Cutaneous Lymphoma: Primary Cutaneous B-Cell/T-Cell (non-MF/SS),cutaneous lymphoma
Plasma Cell Myeloma and Plasma Cell Disorders,Plasma Cell Myeloma and Plasma Cell Disorders,Plasma Cell Myeloma and Plasma Cell Disorders
Plasma Cell Myeloma and Plasma Cell Disorders,Plasma Cell Myeloma and Plasma Cell Disorders,Plasma Cell Myeloma and Plasma Cell Disorders
Plasma Cell Myeloma and Plasma Cell Disorders,Plasma Cell Myeloma and Plasma Cell Disorders,Plasma Cell Myeloma and Plasma Cell Disorders
Plasma Cell Myeloma and Plasma Cell Disorders,Plasma Cell Myeloma and Plasma Cell Disorders,多發性骨髓瘤
Plasma Cell Myeloma and Plasma Cell Disorders,Plasma Cell Myeloma and Plasma Cell Disorders,骨髓瘤
Plasma Cell Myeloma and Plasma Cell Disorders,Plasma Cell Myeloma and Plasma Cell Disorders,MM
Plasma Cell Myeloma and Plasma Cell Disorders,Plasma Cell Myeloma and Plasma Cell Disorders,plasma cell myeloma
